,id,brand,category,colorway,condition,countryOfManufacture,dataType,listingType,minimumBid,gender,name,productCategory,releaseDate,belowRetail,lowestAskThresholdMet,retailPrice,shoe,shortDescription,styleId,title,lowestAsk,lowestAskSize,numberOfAsks,hasAsks,salesThisPeriod,salesLastPeriod,highestBid,highestBidSize,numberOfBids,hasBids,annualHigh,annualLow,deadstockRangeLow,deadstockRangeHigh,volatility,deadstockSold,pricePremium,averageDeadstockPrice,lastSale,lastSaleSize,salesLast72Hours,changeValue,changePercentage,absChangePercentage,totalDollars,lastLowestAskTime,lastHighestBidTime,lastSaleDate,deadstockSoldRank,pricePremiumRank,averageDeadstockPriceRank
0,,adidas,Yeezy Slides,Onyx/Onyx/Onyx,New,CN,product,standard,1.0,men,Onyx,sneakers,2022-03-07,False,True,60.0,adidas Yeezy Slide,adidas-Yeezy-Slide-Black,HQ6448,adidas Yeezy Slide Onyx,144.0,4.0,1258.0,1,226.0,232.0,275.0,14.0,448.0,1,575.0,57.0,153,217,0.174125,119518.0,2.083,149.0,185.0,7.0,226.0,-51,-0.216102,0.216102,17770028.0,1677181025,1677413551,2023-02-26T18:21:33Z,0,52,89
1,,adidas,adidas Yeezy,Copper Fade/Copper Fade/Copper Fade,New,CN,product,standard,1.0,men,Copper Fade,sneakers,2021-12-10,True,True,200.0,adidas Yeezy 700 V3,adidas-Yeezy-700-V3-Copper-Fade,GY4109,adidas Yeezy 700 V3 Copper Fade,174.0,5.5,467.0,1,22.0,10.0,199.0,12.0,163.0,1,379.0,111.0,185,226,0.0,2875.0,-0.051,205.0,190.0,12.5,22.0,4,0.020861,0.020861,590654.0,1676946461,1677252231,2023-02-24T14:57:10Z,42,86,18
2,,adidas,adidas Yeezy,Ash Grey/Ash Grey/Ash Grey,New,CN,product,standard,1.0,men,Ash Grey,sneakers,2021-12-04,False,True,200.0,adidas Yeezy 500,adidas-Yeezy-500-Ash-Grey,GX3607,adidas Yeezy 500 Ash Grey,235.0,9.5,366.0,1,10.0,8.0,245.0,8.5,182.0,1,370.0,130.0,230,278,0.094568,2240.0,0.27,242.0,254.0,6.0,10.0,44,0.209524,0.209524,541689.0,1677414871,1677076742,2023-02-26T02:49:23Z,81,45,80
3,,adidas,adidas Yeezy,Metallic/Metallic/Metallic,New,CN,product,standard,1.0,men,Metallic,sneakers,2021-12-20,False,True,220.0,adidas Yeezy Boost 700 MNVN,adidas-Yeezy-Boost-700-MNVN-Metallic,GW9524,adidas Yeezy Boost 700 MNVN Metallic,226.0,9.0,157.0,1,6.0,5.0,220.0,12.0,111.0,1,399.0,63.0,124,198,0.228627,1613.0,-0.268,243.0,161.0,14.0,6.0,-27,-0.146731,0.146731,391878.0,1676866677,1677014305,2023-02-23T00:46:51Z,49,75,47
4,,adidas,adidas Yeezy,Enflame Amber/Orange,New,CN,product,standard,1.0,men,Enflame Amber,sneakers,2021-06-11,False,True,240.0,adidas Yeezy Boost 700,adidas-Yeezy-Boost-700-Enflame-Amber,GW0297,adidas Yeezy Boost 700 Enflame Amber,258.0,9.0,391.0,1,3.0,7.0,302.0,7.0,155.0,1,580.0,180.0,231,289,0.11129,1656.0,0.083,298.0,260.0,8.5,3.0,-45,-0.147541,0.147541,493982.0,1677429009,1676726722,2023-02-26T12:59:51Z,46,51,61
5,,adidas,adidas Yeezy,Slate Blue/Slate Blue/Slate Blue,New,CN,product,standard,1.0,men,Slate Blue,sneakers,2021-12-18,True,True,300.0,adidas Yeezy BSKTBL Knit,adidas-YZY-BSKTBL-KNIT-3D-Slate-Blue,GV8294,adidas Yeezy BSKTBL Knit Slate Blue,119.0,7.5,160.0,1,2.0,3.0,130.0,11.5,104.0,1,540.0,61.0,41,119,0.482463,356.0,-0.733,189.0,80.0,7.5,2.0,-69,-0.463087,0.463087,67116.0,1676965853,1676955274,2023-02-19T16:55:06Z,37,5,23
7,,adidas,adidas Yeezy,Hylte/Hylte/Hylte,New,CN,product,standard,1.0,men,Hylte,sneakers,2020-12-12,True,True,230.0,adidas Yeezy Boost 380,adidas-Yeezy-Boost-380-Hylte-Glow-Reflective,FZ4990,adidas Yeezy Boost 380 Hylte,150.0,6.0,235.0,1,0.0,3.0,147.0,14.0,129.0,1,293.0,68.0,150,183,0.0,298.0,-0.478,166.0,120.0,11.0,0.0,-55,-0.314286,0.314286,49487.0,1676878322,1676648832,2023-02-22T03:39:02Z,54,41,10
8,,adidas,adidas Yeezy,Static/Static/Static,New,CN,product,standard,1.0,infant,Static (Infants),sneakers,2022-08-02,True,True,160.0,adidas Yeezy Boost 700 V2,adidas-Yeezy-Boost-700-V2-Static-Infants,HQ6967,adidas Yeezy Boost 700 V2 Static (Infants),130.0,,119.0,1,0.0,0.0,120.0,,32.0,1,243.0,60.0,173,209,0.093983,125.0,0.197,158.0,192.0,,0.0,24,0.139625,0.139625,19789.0,1676941425,1677441578,2023-02-20T22:16:55Z,76,84,95
11,,adidas,adidas Yeezy,Yeshaya/Yeshaya/Yeshaya,New,CN,product,standard,1.0,preschool,Yeshaya (Kids),sneakers,2020-01-25,False,True,160.0,adidas Yeezy Boost 350 V2,adidas-Yeezy-Boost-350-V2-Yeshaya-Kids,FX4351,adidas Yeezy Boost 350 V2 Yeshaya (Kids),220.0,1.0,28.0,1,0.0,0.0,181.0,3.5,29.0,1,546.0,185.0,328,478,0.185785,23.0,1.519,295.0,403.0,3.0,0.0,180,0.807175,0.807175,6784.0,1676265438,1674369108,2023-01-11T10:48:54Z,72,20,43
12,,Nike,Nike Other Premium,Red,New,CN,product,standard,1.0,men,Red October,sneakers,2014-02-09,False,True,250.0,Nike Air Yeezy 2,Nike-Air-Yeezy-2-Red-October,508214-660,Nike Air Yeezy 2 Red October,14500.0,13.0,48.0,1,0.0,0.0,8888.0,11.0,112.0,1,26216.0,9995.0,6201,15799,0.436283,13.0,43.0,16355.0,11000.0,14.0,0.0,-4000,-0.266667,0.266667,212613.0,1677250502,1677248503,2023-01-26T18:40:18Z,30,39,56
13,,Nike,Nike Other Premium,Net/Net,New,CN,product,standard,1.0,men,Net Tan,sneakers,2009-04-04,False,True,250.0,Nike Air Yeezy 1,Nike-Air-Yeezy-1-Net-Net-Tan,366164-111,Nike Air Yeezy 1 Net Tan,3500.0,9.5,25.0,1,0.0,0.0,4500.0,11.5,62.0,1,5951.0,2300.0,788,5612,0.753888,8.0,11.8,3631.0,3200.0,11.5,0.0,300,0.103448,0.103448,29050.0,1677138958,1677135863,2022-12-20T14:57:34Z,41,90,96
14,,adidas,adidas NMD,Cloud White/Cloud White/Light Purple,New,VN,product,standard,1.0,men,White Light Purple,sneakers,2022-12-15,True,True,180.0,adidas NMD S1,adidas-NMD-S1-White-Light-Purple,HP5522,adidas NMD S1 White Light Purple,109.0,11.5,189.0,1,12.0,6.0,110.0,8.5,85.0,1,229.0,25.0,107,133,0.105474,245.0,-0.333,128.0,120.0,9.0,12.0,0,0,0,31293.0,1677309028,1677299333,2023-02-25T03:45:37Z,27,22,99
15,,adidas,adidas NMD,Auburn/Auburn/Simple Brown,New,CN,product,standard,1.0,men,Pharrell Chocolate,sneakers,2020-12-15,True,False,220.0,adidas NMD Hu,adidas-NMD-Hu-Pharrell-Chocolate,GY0090,adidas NMD Hu Pharrell Chocolate,91.0,6.5,160.0,1,1.0,1.0,150.0,11.0,75.0,1,291.0,75.0,130,184,0.16897,260.0,-0.286,152.0,157.0,11.5,1.0,-31,-0.166074,0.166074,39493.0,1677250342,1677311887,2023-02-24T01:35:01Z,48,33,88
16,,adidas,adidas NMD,Core Black/Core Black/Core Black,New,CN,product,standard,1.0,men,Pharrell Black Future,sneakers,2020-12-12,True,False,150.0,adidas NMD R1,adidas-NMD-R1-Pharrell-Black-Future,GY4977,adidas NMD R1 Pharrell Black Future,90.0,8.0,59.0,1,0.0,0.0,100.0,14.0,20.0,1,169.0,65.0,60,106,0.280261,158.0,-0.447,96.0,83.0,8.0,0.0,-11,-0.117021,0.117021,15120.0,1672982941,1674935322,2023-02-05T06:32:22Z,8,49,84
17,,adidas,adidas NMD,Core Black/Bold Pink/Bold Aqua,New,CN,product,standard,1.0,men,Tokyo Nights,sneakers,2020-07-24,False,True,140.0,adidas NMD R1 V2,adidas-NMD-R1-V2-Tokyo-Nights,FY1251,adidas NMD R1 V2 Tokyo Nights,158.0,9.5,11.0,1,0.0,0.0,82.0,10.0,19.0,1,237.0,37.0,110,160,0.18247,73.0,-0.036,149.0,135.0,11.0,0.0,-50,-0.272194,0.272194,10886.0,1676649579,1669618925,2023-02-16T00:20:11Z,49,37,68
18,,adidas,adidas NMD,Supplier Colour/Cloud White/Supplier Colour,New,CN,product,standard,1.0,women,Blue Pink (W),sneakers,2022-04-03,True,False,150.0,adidas NMD R1,adidas-NMD-R1-Blue-Pink-W,GV9185,adidas NMD R1 Blue Pink (W),88.0,,32.0,1,0.0,0.0,70.0,,1.0,1,119.0,70.0,88,102,0.072944,42.0,-0.367,92.0,95.0,,0.0,7,0.079545,0.079545,3859.0,1674967919,1672356801,2023-01-24T22:40:30Z,16,11,84
19,,adidas,adidas NMD,Cloud White/Sonic Aqua/Cloud White,New,VN,product,standard,1.0,men,White Color Splash,sneakers,2021-06-25,True,False,140.0,adidas NMD R1,adidas-NMD-R1-White-Color-Splash,GZ7921,adidas NMD R1 White Color Splash,79.0,11.5,57.0,1,0.0,0.0,55.0,9.5,9.0,1,140.0,75.0,81,99,0.104342,32.0,-0.357,97.0,90.0,12.0,0.0,-2,-0.021739,0.021739,3100.0,1677029138,1676770426,2023-01-26T22:55:09Z,75,82,4
20,,adidas,adidas NMD,Core Black/Cloud White/Grey One,New,VN,product,standard,1.0,men,Black White Stitch,sneakers,2021-06-01,True,True,140.0,adidas NMD R1,adidas-NMD-R1-Black-White-Stitch,GX0540,adidas NMD R1 Black White Stitch,119.0,10.0,23.0,1,0.0,0.0,0.0,,0.0,0,294.0,37.0,100,226,0.384845,23.0,0.166,136.0,164.0,9.0,0.0,24,0.16581,0.16581,3127.0,1677366208,0,2023-02-03T14:53:48Z,56,79,52
21,,adidas,adidas NMD,Grey/Grey/White,New,VN,product,standard,1.0,men,Japan Boost Grey,sneakers,2016-06-10,True,True,170.0,adidas NMD R1,adidas-NMD-R1-Japan-Boost-Grey,S81849,adidas NMD R1 Japan Boost Grey,152.0,12.0,39.0,1,0.0,0.0,106.0,12.0,20.0,1,381.0,80.0,140,290,0.348835,19.0,0.265,198.0,215.0,11.0,0.0,-122,-0.363634,0.363634,3754.0,1677256461,1676377242,2023-02-09T23:23:40Z,52,54,24
22,,adidas,adidas NMD,Core Black/Core Black/ Cloud Whte,New,VN,product,standard,1.0,child,Star Wars (GS),sneakers,2021-04-30,True,False,120.0,adidas NMD R1,adidas-NMD-R1-Star-Wars-GS,FX6503,adidas NMD R1 Star Wars (GS),77.0,,16.0,1,0.0,0.0,20.0,,1.0,1,179.0,63.0,81,99,0.0,15.0,-0.183,92.0,98.0,,0.0,20,0.25641,0.25641,1385.0,1675558994,1677218190,2023-02-05T21:06:10Z,78,59,46
23,,adidas,adidas NMD,Core Black/Grey Four/Solar Pink,New,CN,product,standard,1.0,men,STLT Black Grey Solar Pink,sneakers,2018-01-04,True,True,170.0,adidas NMD R1,adidas-NMD-R1-STLT-Black-Grey,CQ2386,adidas NMD R1 STLT Black Grey Solar Pink,112.0,10.0,30.0,1,0.0,0.0,85.0,11.0,10.0,1,165.0,70.0,109,161,0.196177,12.0,-0.206,102.0,135.0,7.0,0.0,34,0.336634,0.336634,1226.0,1676677345,1674119950,2022-12-13T05:15:37Z,17,80,64
24,,adidas,adidas NMD,Crystal White/Crystal White/Collegiate Navy,New,CN,product,standard,1.0,men,Label Pack Crystal White,sneakers,2020-12-01,False,True,140.0,adidas NMD R1,adidas-NMD-R1-Label-Pack-Crystal-White,FX6795,adidas NMD R1 Label Pack Crystal White,145.0,12.0,19.0,1,0.0,0.0,58.0,11.0,13.0,1,248.0,95.0,95,179,0.307733,10.0,-0.021,137.0,137.0,13.0,0.0,31,0.28741,0.28741,1366.0,1676746253,1661196282,2023-01-05T16:42:40Z,96,78,86
25,,adidas,adidas NMD,Solar Yellow/Solar Yellow/Core Black,New,VN,product,standard,1.0,men,Solar Yellow Core Black,sneakers,2022-09-10,True,False,160.0,adidas NMD V3,adidas-NMD-V3-Solar-Yellow-Core-Black,HQ3969,adidas NMD V3 Solar Yellow Core Black,85.0,9.0,104.0,1,0.0,0.0,50.0,13.0,24.0,1,351.0,80.0,9,171,0.894541,8.0,-0.438,139.0,90.0,11.0,0.0,-53,-0.370629,0.370629,1111.0,1677376942,1675462718,2023-02-19T22:55:08Z,29,44,62
26,,adidas,adidas NMD,Core Black/Cloud White/Clear Pink,New,CN,product,standard,1.0,women,Core Black Clear Pink (W),sneakers,2018-08-01,False,True,130.0,adidas NMD R1,adidas-NMD-R1-Core-Black-Clear-Pink-W,B37649,adidas NMD R1 Core Black Clear Pink (W),153.0,5.5,6.0,1,0.0,0.0,98.0,6.0,12.0,1,213.0,100.0,122,180,0.189136,6.0,0.162,161.0,151.0,5.0,0.0,-20,-0.116959,0.116959,963.0,1677412567,1676644051,2022-10-05T00:06:39Z,87,15,92
27,,adidas,adidas NMD,Grey Three / Grey Three / Grey Five,New,VN,product,standard,1.0,men,Grey Three Grey Boost,sneakers,2022-07-25,True,False,150.0,adidas NMD R1,adidas-NMD-R1-Grey-Three-Grey-Boost,GX9524,adidas NMD R1 Grey Three Grey Boost,75.0,13.0,75.0,1,0.0,0.0,50.0,9.5,2.0,1,108.0,69.0,83,117,0.16504,5.0,-0.333,88.0,100.0,10.5,0.0,31,0.449275,0.449275,441.0,1677111608,1676770677,2023-02-12T14:59:17Z,43,3,65
28,,adidas,adidas NMD,Collegiate Burgundy/Corn Gold/Crystal White,New,CN,product,standard,1.0,men,SNS Class of 99 Burgundy,sneakers,2017-10-28,False,True,179.0,adidas NMD CS2,adidas-NMD-CS2-SNS-Class-Of-99-Burgundy,CQ1870,adidas NMD CS2 SNS Class of 99 Burgundy,225.0,4.5,3.0,1,0.0,0.0,96.0,6.5,18.0,1,228.0,115.0,174,253,0.184788,4.0,0.193,184.0,214.0,10.0,0.0,-14,-0.063082,0.063082,737.0,1676751363,1675745865,2022-10-29T15:08:32Z,97,38,13
29,,adidas,adidas NMD,Solar Pink/Solar Pink/Core Black,New,CN,product,standard,1.0,men,Solar Pink,sneakers,2018-02-01,True,True,180.0,adidas NMD Racer,adidas-NMD-Racer-Solar-Pink,CQ2442,adidas NMD Racer Solar Pink,135.0,9.5,5.0,1,0.0,0.0,45.0,11.0,8.0,1,104.0,85.0,86,114,0.142916,3.0,-0.444,96.0,100.0,10.5,0.0,-4,-0.038462,0.038462,289.0,1676579448,1661200186,2022-09-03T00:12:13Z,26,4,21
30,,adidas,adidas NMD,Tech Earth/Tech Earth/White,New,VN,product,standard,25.0,men,R1 Tech Earth,sneakers,2016-10-01,False,True,140.0,adidas NMD R1,adidas-NMD-R1-Tech-Earth,S81881,adidas NMD R1 R1 Tech Earth,165.0,10.0,7.0,1,0.0,0.0,125.0,6.0,11.0,1,125.0,96.0,60,132,0.372025,3.0,-0.314,107.0,96.0,11.0,0.0,-29,-0.232,0.232,321.0,1677111530,-62135596800,2022-08-25T05:25:07Z,46,1,27
31,,adidas,adidas NMD,Cloud White/Hazy Orange/Hi-Res Yellow,New,CN,product,standard,25.0,child,Watercolor (GS),sneakers,2021-05-02,True,False,120.0,adidas NMD R1,adidas-NMD-R1-Watercolor-GS,GX5402,adidas NMD R1 Watercolor (GS),99.0,,1.0,1,0.0,0.0,32.0,,2.0,1,100.0,55.0,16,94,0.713652,2.0,-0.542,78.0,55.0,,0.0,-45,-0.45,0.45,155.0,1676772445,1660930131,2022-05-03T04:42:58Z,67,24,89
32,,adidas,adidas NMD,Night Cargo/Base Green/Semi Frozen Yellow,New,CN,product,standard,1.0,men,Night Cargo Base Green,sneakers,2018-03-01,True,True,130.0,adidas NMD R1,adidas-NMD-R1-Night-Cargo-Base-Green,CQ2414,adidas NMD R1 Night Cargo Base Green,125.0,10.0,8.0,1,0.0,0.0,53.0,10.5,4.0,1,150.0,100.0,188,312,0.249444,2.0,0.923,125.0,250.0,10.5,0.0,100,0.666667,0.666667,250.0,1675342291,1649872314,2023-02-01T19:05:45Z,21,88,43
33,,adidas,adidas NMD,Cloud White / Cloud White / Grey One,New,VN,product,standard,1.0,men,White Grey Boost,sneakers,2022-07-02,True,False,150.0,adidas NMD R1,adidas-NMD-R1-White-Grey-Boost,GX9525,adidas NMD R1 White Grey Boost,65.0,9.5,97.0,1,0.0,0.0,16.0,9.5,1.0,1,115.0,115.0,92,108,0.075,1.0,-0.333,115.0,100.0,9.0,0.0,-15,-0.130435,0.130435,115.0,1677351562,1677255721,2023-02-10T22:27:55Z,97,14,71
34,,adidas,adidas NMD,Legacy Green-Legacy Green/Core Black,New,VN,product,standard,25.0,men,Legacy Green,sneakers,,False,True,130.0,adidas NMD R1,adidas-NMD-R1-Legacy-Green,FW6415,adidas NMD R1 Legacy Green,225.0,8.0,3.0,1,0.0,0.0,100.0,8.5,2.0,1,265.0,265.0,172,358,0.349057,1.0,1.038,265.0,265.0,9.5,0.0,185,2.3125,2.3125,265.0,1677439509,1675031257,2022-03-22T21:41:23Z,33,17,52
35,,adidas,adidas NMD,Grey Two/Grey Two/Core Black,New,CN,product,standard,25.0,men,Grey Camo Heel,sneakers,2018-09-01,False,True,130.0,adidas NMD R1,adidas-NMD-R1-Grey-Camo-Heel,B37617,adidas NMD R1 Grey Camo Heel,472.0,9.0,2.0,1,0.0,0.0,47.0,10.5,5.0,1,100.0,100.0,0,0,0.0,1.0,0.0,100.0,100.0,11.0,0.0,-30,-0.230769,0.230769,100.0,1676609568,1676935353,2022-08-21T18:13:46Z,21,32,39
36,,adidas,adidas NMD,Core Blue/Clear Grey/Core Black,New,CN,product,standard,1.0,men,JD Sports Core Blue Black,sneakers,2016-11-25,False,True,150.0,adidas NMD XR1,adidas-NMD-XR1-JD-Sports-Core-Blue-Black,BY9649,adidas NMD XR1 JD Sports Core Blue Black,225.0,7.5,4.0,1,0.0,0.0,84.0,10.5,6.0,1,260.0,260.0,0,0,0.0,1.0,0.0,260.0,260.0,9.0,0.0,152,1.407407,1.407407,260.0,1675607880,1671639614,2022-06-15T11:43:12Z,15,61,70
37,,adidas,adidas NMD,Linen/Vapor Grey/Running White,New,CN,product,standard,1.0,women,Linen Vapor Grey (W),sneakers,2018-03-15,False,True,180.0,adidas NMD CS2,adidas-NMD-CS2-Linen-Vapor-Grey-W,CQ2039,adidas NMD CS2 Linen Vapor Grey (W),1361.0,5.5,1.0,1,0.0,0.0,25.0,10.0,1.0,1,0.0,0.0,0,0,0.0,0.0,0.0,0.0,80.0,8.5,0.0,-10,-0.111111,0.111111,0.0,1677151072,1676935059,2020-06-12T17:33:25Z,89,46,2
38,,Nike,Nike Dunk,White/Black,New,VN,product,standard,1.0,women,White Black Panda (2021) (W),sneakers,2021-03-10,False,True,100.0,Nike Dunk Low Retro,Nike-Dunk-Low-White-Black-2021-W,DD1503-101,Nike Dunk Low Retro White Black Panda (2021) (W),142.0,,3368.0,1,1028.0,1079.0,150.0,,653.0,1,308.0,110.0,137,151,0.049387,105585.0,0.44,184.0,144.0,,1028.0,-12,-0.076923,0.076923,19449153.0,1677332314,1677428425,2023-02-26T23:03:53Z,82,64,16
39,,Nike,Nike Dunk,Black/Grey/White,New,VN,product,standard,1.0,men,Chenille Swoosh Black Grey,sneakers,2022-10-27,False,True,120.0,Nike Dunk Low,Nike-Dunk-Low-Chenille-Swoosh-Black-Grey,DQ7683-001,Nike Dunk Low Chenille Swoosh Black Grey,134.0,10.5,459.0,1,57.0,44.0,130.0,9.0,98.0,1,254.0,91.0,140,154,0.050939,3343.0,0.225,143.0,147.0,11.5,57.0,-8,-0.053128,0.053128,476908.0,1677424094,1677423706,2023-02-26T12:22:25Z,89,56,22
40,,Nike,Nike Dunk,Black/Off Noir/White,New,VN,product,standard,1.0,men,Black White (2022),sneakers,2022-05-01,False,True,100.0,Nike Dunk Low,Nike-Dunk-Low-Black-White-2022,DJ6188-002,Nike Dunk Low Black White (2022),125.0,6.5,342.0,1,32.0,13.0,130.0,10.5,100.0,1,278.0,60.0,140,170,0.098274,8937.0,0.55,132.0,155.0,9.5,32.0,5,0.033333,0.033333,1179535.0,1677429882,1677377018,2023-02-26T16:14:18Z,1,74,67
41,,Nike,Dunk Low,Baltic Blue/Electric Algae/Deep Royal/Laser Orange,New,VN,product,standard,1.0,child,All-Star (2023) (GS),sneakers,2023-02-17,False,False,85.0,Nike Dunk Low,Nike-Dunk-Low-All-Star-2023-GS,DV1693-401,Nike Dunk Low All-Star (2023) (GS),98.0,,174.0,1,19.0,7.0,69.0,,12.0,1,165.0,70.0,101,109,0.03858,45.0,0.235,103.0,105.0,,19.0,0,0,0,4651.0,1677170870,1677269843,2023-02-26T21:47:02Z,30,56,67
42,,Nike,Nike Dunk,Sail/Wheat Grass/Orange/Sanded Gold,New,VN,product,standard,1.0,men,Sun Club Wheat Grass Orange,sneakers,2022-05-01,False,True,100.0,Nike Dunk Low Retro,Nike-Dunk-Low-Retro-Sun-Club-Wheat-Grass-Orange,DV1681-100,Nike Dunk Low Retro Sun Club Wheat Grass Orange,110.0,7.0,232.0,1,13.0,9.0,235.0,12.0,144.0,1,425.0,94.0,123,191,0.21552,6410.0,0.57,157.0,157.0,10.0,13.0,34,0.276423,0.276423,1004714.0,1677412615,1677412875,2023-02-25T02:51:36Z,24,15,81
43,,Nike,Nike Dunk,Black/Racer Blue-Grey Fog-Orange,New,ID,product,standard,1.0,men,NBA 75th Anniversary Knicks,sneakers,2022-02-01,True,True,110.0,Nike Dunk Low EMB,Nike-Dunk-Low-EMB-NBA-Diamond-Anniversary-Knicks,DD3363-002,Nike Dunk Low EMB NBA 75th Anniversary Knicks,105.0,7.0,330.0,1,10.0,9.0,125.0,11.5,82.0,1,227.0,47.0,120,162,0.152092,1648.0,0.282,129.0,141.0,12.0,10.0,35,0.325624,0.325624,212164.0,1676969963,1677135909,2023-02-23T17:56:46Z,67,2,51
44,,Nike,Nike Dunk,Sunset Pulse/Silver-Purple Pulse,New,CN,product,standard,1.0,women,Sunset Pulse (W),sneakers,2021-06-10,False,True,100.0,Nike Dunk Low,Nike-Dunk-Low-Sunset-Pulse-W,DN0855-600 / DD1872-600,Nike Dunk Low Sunset Pulse (W),144.0,,132.0,1,7.0,4.0,202.0,,121.0,1,434.0,87.0,214,280,0.132007,1557.0,1.47,186.0,247.0,,7.0,58,0.302939,0.302939,289825.0,1677439377,1676997598,2023-02-26T17:16:41Z,35,31,52
45,,Nike,Nike Dunk,Sail/Cashmere/Pale Ivory/Light Bone,New,CN,product,standard,1.0,women,Sail Light Bone (W),sneakers,2021-09-20,False,True,100.0,Nike Dunk Low,Nike-Dunk-Low-Sail-Light-Bone-W,DD1503-107,Nike Dunk Low Sail Light Bone (W),264.0,,340.0,1,5.0,3.0,262.0,,128.0,1,423.0,195.0,222,286,0.124831,1856.0,1.54,280.0,254.0,,5.0,4,0.016,0.016,519890.0,1676991142,1674996391,2023-02-23T20:37:28Z,61,98,9
46,,Nike,Nike Dunk,White/Light Chocolate-Roma Green,New,CN,product,standard,1.0,child,Free 99 White (GS),sneakers,2021-06-25,False,True,110.0,Nike Dunk Low,Nike-Dunk-Low-Free-99-White-GS,CZ2496-100,Nike Dunk Low Free 99 White (GS),125.0,,150.0,1,4.0,2.0,127.0,,23.0,1,239.0,65.0,131,175,0.14191,596.0,0.391,162.0,153.0,,4.0,51,0.5,0.5,96543.0,1677143948,1677433459,2023-02-25T19:17:51Z,1,41,98
47,,Nike,Nike Dunk,Black/Multi-Color-Black,New,ID,product,standard,1.0,women,Primal Black (W),sneakers,2021-09-18,True,False,110.0,Nike Dunk Low SE,Nike-Dunk-Low-Animal-Instinct-Black-W,DD7099-001,Nike Dunk Low SE Primal Black (W),69.0,,251.0,1,3.0,4.0,71.0,,62.0,1,130.0,26.0,74,92,0.104132,696.0,-0.245,72.0,83.0,,3.0,4,0.050633,0.050633,50009.0,1676713744,1675321681,2023-02-20T00:14:56Z,6,52,13
48,,Nike,Nike Basketball Dunk,Phantom/Black-Sail,New,VN,product,standard,1.0,men,Year of the Tiger,sneakers,2022-02-12,False,True,110.0,Nike Dunk High Retro PRM,Nike-Dunk-High-Retro-PRM-Year-of-the-Tiger,DQ4978-001,Nike Dunk High Retro PRM Year of the Tiger,114.0,7.5,85.0,1,2.0,1.0,160.0,14.0,99.0,1,392.0,85.0,149,191,0.12216,715.0,0.545,142.0,170.0,12.0,2.0,49,0.404959,0.404959,101645.0,1676803483,1676694307,2023-02-22T15:45:35Z,3,29,1
49,,Nike,Dunk High,Green/Black-White-Gum,New,VN,product,standard,1.0,men,Chenille Swoosh Black Green,sneakers,2022-09-09,True,True,125.0,Nike Dunk High,Nike-Dunk-High-Chenille-Swoosh-Black-Green,DR8805-001,Nike Dunk High Chenille Swoosh Black Green,116.0,9.5,68.0,1,2.0,1.0,121.0,8.0,76.0,1,381.0,50.0,100,146,0.186234,164.0,-0.016,139.0,123.0,8.5,2.0,9,0.070737,0.070737,22727.0,1677329628,1676399946,2023-02-24T14:39:01Z,80,26,62
50,,Nike,Nike Dunk,Black/White-Red-Blue,New,CN,product,standard,1.0,men,Seoul,sneakers,2021-08-12,False,True,110.0,Nike Dunk Low,Nike-Dunk-Low-South-Korea,DM7708-100,Nike Dunk Low Seoul,246.0,8.0,68.0,1,1.0,0.0,335.0,13.0,133.0,1,626.0,182.0,163,269,0.245689,462.0,0.964,303.0,216.0,8.0,1.0,-21,-0.089864,0.089864,140129.0,1677341149,1677359054,2023-02-25T16:58:30Z,89,79,84
51,,Nike,Nike Dunk,Black/White,New,CN,product,standard,1.0,women,Comme des Garcons Black (W),sneakers,2020-05-14,True,True,260.0,Nike Dunk Low,Nike-Dunk-Low-Comme-des-Garcons-Black-W,CZ2675-002,Nike Dunk Low Comme des Garcons Black (W),115.0,,129.0,1,1.0,2.0,145.0,,85.0,1,344.0,70.0,130,170,0.135941,137.0,-0.423,176.0,150.0,,1.0,-2,-0.013819,0.013819,24141.0,1677327747,1676649037,2023-02-24T07:18:13Z,43,84,57
52,,Nike,Nike Dunk,Summit White/White-Sail-Black,New,ID,product,standard,1.0,women,Summit White Sail (W),sneakers,2021-08-12,True,False,120.0,Nike Dunk High Up,Nike-Dunk-High-Rebel-White-Sail,DH3718-100,Nike Dunk High Up Summit White Sail (W),76.0,,155.0,1,0.0,0.0,82.0,,51.0,1,170.0,35.0,53,111,0.351221,500.0,-0.317,99.0,82.0,,0.0,-45,-0.357975,0.357975,49609.0,1677313674,1676749421,2023-02-23T19:42:13Z,11,20,51
53,,Nike,Nike Dunk,White/Cargo Khaki,New,ID,product,standard,1.0,preschool,Cargo Khaki (PS),sneakers,2022-04-29,False,False,75.0,Nike Dunk High Retro,Nike-Dunk-High-Cargo-Khaki-PS,DD2314-105,Nike Dunk High Retro Cargo Khaki (PS),78.0,,70.0,1,0.0,0.0,55.0,,18.0,1,181.0,25.0,63,115,0.292292,215.0,0.187,82.0,89.0,,0.0,-92,-0.509004,0.509004,17694.0,1674646099,1677389439,2023-02-24T14:02:20Z,67,47,87
54,,Nike,Nike Dunk,Light Orewood Brown/White/Red,New,CN,product,standard,1.0,men,Notre Light Orewood Brown,sneakers,2021-01-21,False,True,150.0,Nike Dunk High,Nike-Dunk-High-Notre-Light-Orewood-Brown,CW3092-100,Nike Dunk High Notre Light Orewood Brown,195.0,9.5,130.0,1,0.0,0.0,225.0,14.0,90.0,1,622.0,121.0,240,307,0.123325,137.0,0.822,256.0,274.0,8.0,0.0,62,0.289425,0.289425,35059.0,1677397132,1676533738,2023-02-19T19:19:29Z,67,19,18
55,,Nike,Dunk Low,White/Pink/Yellow,New,VN,product,standard,25.0,women,Pink Oxford (W),sneakers,2022-08-01,False,True,110.0,Nike Dunk Low Disrupt 2,Nike-Dunk-Low-Disrupt-2-Pink-Oxford-W,DV4024-001,Nike Dunk Low Disrupt 2 Pink Oxford (W),135.0,,26.0,1,0.0,0.0,100.0,,48.0,1,231.0,97.0,97,163,0.257227,71.0,0.182,137.0,130.0,,0.0,-101,-0.438305,0.438305,9731.0,1677117926,1677388390,2023-02-15T04:08:14Z,87,43,31
56,,Nike,Nike Dunk,Blush/Seafoam Green,New,CN,product,standard,1.0,women,Forbidden City (W),sneakers,2020-12-18,False,True,153.0,Nike Dunk Low Disrupt,Nike-Dunk-Low-Disrupt-Forbidden-City-W,DC3282-013,Nike Dunk Low Disrupt Forbidden City (W),177.0,,42.0,1,0.0,0.0,200.0,,36.0,1,438.0,160.0,107,213,0.334306,16.0,0.046,237.0,160.0,,0.0,-3,-0.018405,0.018405,3794.0,1677410976,1675619844,2023-02-06T12:43:00Z,80,32,19
57,,Nike,Nike Dunk,Lyon Blue/Black,New,CN,product,standard,1.0,men,Royal,sneakers,2015-03-01,False,True,100.0,Nike Dunk CMFT,Nike-Dunk-CMFT-Royal,705434-400,Nike Dunk CMFT Royal,300.0,13.0,12.0,1,0.0,0.0,68.0,13.0,31.0,1,200.0,111.0,198,282,0.175209,5.0,1.4,156.0,240.0,11.0,0.0,105,0.777778,0.777778,778.0,1677433455,1676645863,2023-02-15T03:18:15Z,36,8,74
58,,Nike,Nike Dunk,White/Black-Medium Grey,New,CN,product,standard,1.0,men,Haze,sneakers,2003-07-15,False,True,0.0,Nike Dunk Low,Nike-Dunk-Low-Haze,306793-101,Nike Dunk Low Haze,3000.0,10.0,8.0,1,0.0,0.0,711.0,9.5,22.0,1,1029.0,1000.0,1014,1044,0.014091,3.0,0.0,1010.0,1029.0,10.5,0.0,29,0.029,0.029,3029.0,1676557231,1676648629,2022-11-13T20:03:48Z,47,1,46
59,,Nike,Nike Dunk,Light Stone/White-Faded Olive,New,CN,product,standard,1.0,men,Light Stone,sneakers,,False,True,120.0,Nike Dunk Low,Nike-Dunk-Low-Light-Stone,624044-113,Nike Dunk Low Light Stone,1350.0,8.0,3.0,1,0.0,0.0,621.0,11.0,26.0,1,1102.0,500.0,852,1352,0.226845,2.0,8.183,801.0,1102.0,8.0,0.0,602,1.204,1.204,1602.0,1677011532,1677148001,2022-09-07T15:04:56Z,78,70,91
60,,Nike,Nike Dunk,Neutral Grey/Neutral Grey-Black-White,New,CN,product,standard,25.0,men,Neutral Grey Woven,sneakers,2009-01-01,True,False,108.0,Nike Dunk High,Nike-Dunk-High-Neutral-Grey-Woven,317891-007,Nike Dunk High Neutral Grey Woven,0.0,,0.0,0,0.0,0.0,28.0,8.0,1.0,1,234.0,234.0,0,0,0.0,1.0,0.0,234.0,234.0,10.5,0.0,0,0,0,234.0,0,1675308394,2022-03-09T03:31:02Z,26,60,42
61,,Nike,Nike Dunk,Black/White,New,CN,product,standard,1.0,men,Alife ARC,sneakers,2009-08-01,False,True,158.0,Nike Dunk High,Nike-Dunk-High-Alife-ARC,370353-011,Nike Dunk High Alife ARC,325.0,9.0,2.0,1,0.0,0.0,251.0,11.0,13.0,1,117.0,117.0,0,0,0.0,1.0,0.0,117.0,117.0,9.0,0.0,17,0.17,0.17,117.0,1676513433,1676162542,2022-12-14T12:38:25Z,73,67,85
62,,Nike,Nike Dunk,Neutral Grey/Bright Mango-White,New,CN,product,standard,1.0,women,Neutral Grey/Bright Mango-White (W),sneakers,,False,False,0.0,Nike Dunk Low CL,Nike-Dunk-Low-CL-Neutral-Grey-Bright-Mango-White-W,317815-081,Nike Dunk Low CL Neutral Grey/Bright Mango-White (W),0.0,,0.0,0,0.0,0.0,160.0,,6.0,1,0.0,0.0,0,0,0.0,0.0,0.0,0.0,0.0,,0.0,0,0,0,0.0,0,1677039672,,63,65,15
63,,New Balance,New Balance 550,White/Green,New,CN,product,standard,1.0,men,White Green,sneakers,2021-06-24,False,True,120.0,New Balance 550,New-Balance-550-White-Green,BB550WT1,New Balance 550 White Green,135.0,9.0,1205.0,1,208.0,243.0,152.0,5.5,458.0,1,920.0,115.0,137,175,0.120737,18181.0,0.3,217.0,156.0,6.5,208.0,-2,-0.012658,0.012658,3937955.0,1677420481,1677448066,2023-02-26T21:47:18Z,70,67,47
64,,New Balance,New Balance Other,Sea Salt/Surf,New,VN,product,standard,1.0,men,Sea Salt,sneakers,2022-07-19,False,True,150.0,New Balance 9060,New-Balance-9060-Sea-Salt,U9060MAC,New Balance 9060 Sea Salt,188.0,4.5,147.0,1,24.0,19.0,255.0,15.0,100.0,1,377.0,120.0,187,243,0.12857,1813.0,0.433,199.0,215.0,10.0,24.0,3,0.013956,0.013956,360745.0,1677339075,1675802794,2023-02-25T16:20:39Z,5,30,96
65,,New Balance,New Balance 550,White/Rain Cloud/Light Aluminum,New,VN,product,standard,1.0,women,White Rain Cloud (W),sneakers,2022-10-19,True,True,110.0,New Balance 550,New-Balance-550-White-Rain-Cloud-W,BBW550CB,New Balance 550 White Rain Cloud (W),101.0,,111.0,1,12.0,15.0,130.0,,67.0,1,268.0,95.0,100,174,0.269985,1182.0,0.245,152.0,137.0,,12.0,27,0.245455,0.245455,179213.0,1677410283,1677210404,2023-02-26T03:57:33Z,7,91,14
66,,New Balance,New Balance 993,Powder Pink,New,US,product,standard,1.0,men,Joe Freshgoods Performance Art Powder Pink,sneakers,2022-10-07,False,True,220.0,New Balance 993,New-Balance-993-Joe-Freshgoods-Performance-Art-Powder-Pink,MR993JH1,New Balance 993 Joe Freshgoods Performance Art Powder Pink,250.0,11.5,102.0,1,7.0,5.0,315.0,14.0,146.0,1,557.0,206.0,231,289,0.11096,708.0,0.182,288.0,260.0,7.0,7.0,-10,-0.037037,0.037037,204226.0,1677415446,1676999128,2023-02-25T23:12:27Z,0,51,54
67,,New Balance,New Balance 990v3,Olive Leaf/Black,New,US,product,standard,1.0,men,MiUSA Teddy Santis Olive Leaf,sneakers,2022-09-09,True,True,200.0,New Balance 990v3,New-Balance-990v3-MiUSA-Teddy-Santis-Green-Purple,M990TC3,New Balance 990v3 MiUSA Teddy Santis Olive Leaf,190.0,8.0,90.0,1,5.0,2.0,201.0,12.0,98.0,1,374.0,154.0,264,338,0.123694,129.0,0.504,215.0,301.0,6.5,5.0,39,0.148033,0.148033,27732.0,1677396959,1677298140,2023-02-25T04:54:29Z,86,71,75
68,,New Balance,New Balance 2002R,Deep Ocean Grey/Slate/White,New,CN,product,standard,1.0,men,Deep Ocean Grey Slate,sneakers,2022-01-26,True,True,130.0,New Balance 2002R,New-Balance-2002R-Deep-Ocean-Grey-Slate,M2002RHC,New Balance 2002R Deep Ocean Grey Slate,120.0,9.5,93.0,1,3.0,4.0,152.0,4.0,32.0,1,316.0,68.0,80,195,0.420317,767.0,0.056,148.0,138.0,9.0,3.0,34,0.322226,0.322226,113559.0,1677049485,1676655510,2023-02-21T21:52:08Z,42,35,64
69,,New Balance,New Balance Other,Yellow/Pink,New,CN,product,standard,1.0,men,Dejounte Murray My Personal Journey,sneakers,2021-04-01,True,False,140.0,New Balance TWO WXY,New-Balance-Two-Wxy-Dejounte-Murray-My-Personal-Journey,BB2WXYOM,New Balance TWO WXY Dejounte Murray My Personal Journey,92.0,8.0,13.0,1,3.0,0.0,110.0,11.5,20.0,1,225.0,85.0,80,150,0.308122,24.0,-0.179,129.0,115.0,9.5,3.0,5,0.045455,0.045455,3097.0,1677320713,1676856075,2023-02-24T02:52:58Z,7,81,95
70,,New Balance,New Balance 993,Grey/White,New,US,product,standard,1.0,men,Kith Grey (Standard Width),sneakers,2018-08-21,False,True,155.0,New Balance 993,New-Balance-993-Kith-Grey,MR993GL,New Balance 993 Kith Grey (Standard Width),216.0,11.5,26.0,1,2.0,4.0,179.0,11.0,63.0,1,390.0,136.0,197,247,0.114148,174.0,0.432,231.0,222.0,7.5,2.0,2,0.009091,0.009091,40215.0,1677448865,1676668923,2023-02-25T20:34:44Z,21,84,88
71,,New Balance,New Balance 574,Grey/Sea Salt,New,GB,product,standard,25.0,unisex,Grey Sea Salt,sneakers,,False,True,0.0,New Balance 574 Legacy,New-Balance-574-Legacy-Grey-Sea-Salt,U574LGVB,New Balance 574 Legacy Grey Sea Salt,114.0,12.0,86.0,1,2.0,0.0,90.0,9.5,8.0,1,163.0,99.0,110,134,0.100338,36.0,0.0,117.0,122.0,11.0,2.0,5,0.042735,0.042735,4230.0,1674607170,1675521495,2023-02-22T02:20:42Z,18,16,83
72,,New Balance,New Balance 997,Sweet Caramel/Natural Indigo,New,VN,product,standard,1.0,men,Sweet Caramel,sneakers,2022-03-16,False,False,90.0,New Balance 997H,New-Balance-997H-Sweet-Caramel,CM997HSK,New Balance 997H Sweet Caramel,97.0,8.0,20.0,1,1.0,2.0,100.0,10.5,7.0,1,245.0,67.0,86,140,0.239764,320.0,0.256,103.0,113.0,8.5,1.0,-16,-0.128535,0.128535,33054.0,1676652129,1677136429,2023-02-24T00:25:14Z,9,0,51
73,,New Balance,New Balance 992,Navy/Grey,New,US,product,standard,1.0,men,Navy Grey,sneakers,2020-01-01,False,True,175.0,New Balance 992,New-Balance-992-Navy-Grey,M992GG,New Balance 992 Navy Grey,332.0,15.0,42.0,1,1.0,2.0,358.0,9.5,114.0,1,660.0,185.0,245,385,0.222836,114.0,0.799,348.0,315.0,10.5,1.0,-54,-0.147857,0.147857,39657.0,1661722970,1676724908,2023-02-24T08:16:35Z,78,15,13
74,,New Balance,New Balance 327,White/Off White,New,VN,product,standard,1.0,men,Off White,sneakers,,True,False,100.0,New Balance 327,New-Balance-327-Off-White,MS327SBC,New Balance 327 Off White,96.0,6.0,61.0,1,1.0,2.0,98.0,7.0,2.0,1,209.0,80.0,71,107,0.19919,30.0,-0.11,121.0,89.0,6.5,1.0,-24,-0.212389,0.212389,3617.0,1676646110,1677248552,2023-02-24T10:23:07Z,85,81,23
75,,New Balance,New Balance 327,Magnet/White,New,CN,product,standard,1.0,women,Magnet White (W),sneakers,2023-01-24,False,True,95.0,New Balance 327,New-Balance-327-Magnet-White-W,WS327CG,New Balance 327 Magnet White (W),128.0,,37.0,1,1.0,1.0,70.0,,1.0,1,148.0,129.0,122,136,0.053698,8.0,0.358,136.0,129.0,,1.0,-19,-0.128378,0.128378,1085.0,1677428615,1677361349,2023-02-23T18:54:46Z,61,65,32
76,,New Balance,New Balance 550,White/Grey/Light Grey,New,CN,product,standard,1.0,men,United Arrows,sneakers,2021-12-04,False,True,145.0,New Balance 550,New-Balance-550-United-Arrows,BB550UN1,New Balance 550 United Arrows,226.0,9.0,38.0,1,0.0,1.0,250.0,13.0,37.0,1,529.0,132.0,55,205,0.574342,306.0,-0.103,255.0,130.0,7.5,0.0,-114,-0.467213,0.467213,78162.0,1676779111,1676982335,2023-02-22T21:50:35Z,42,30,16
77,,New Balance,New Balance Other,Blue Chill/Virtual Sky,New,CN,product,standard,1.0,men,Snowman,sneakers,2020-12-11,True,False,150.0,New Balance KAWHI,New-Balance-Kawhi-Snowman,BBKLSTO1,New Balance KAWHI Snowman,74.0,9.0,61.0,1,0.0,0.0,65.0,8.5,30.0,1,347.0,50.0,49,97,0.323401,203.0,-0.513,79.0,73.0,10.0,0.0,-19,-0.212941,0.212941,16094.0,1676990684,1677298871,2023-02-14T10:00:27Z,86,36,67
78,,New Balance,New Balance 990v3,White/Blue,New,US,product,standard,1.0,men,MiUSA White Blue,sneakers,2022-11-23,False,True,200.0,New Balance 990v3,New-Balance-990v3-MiUSA-White-Blue,M990WB3,New Balance 990v3 MiUSA White Blue,200.0,10.5,139.0,1,0.0,2.0,195.0,9.5,95.0,1,314.0,110.0,204,256,0.112986,129.0,0.15,207.0,230.0,12.0,0.0,55,0.314286,0.314286,26726.0,1677233516,1677232454,2023-02-23T18:01:45Z,49,77,60
79,,New Balance,New Balance 574,Rain Cloud/Team Red,New,VN,product,standard,1.0,men,STAUD Rain Cloud,sneakers,2021-10-26,True,True,120.0,New Balance 574,New-Balance-574-STAUD-Rain-Cloud,ML574ST,New Balance 574 STAUD Rain Cloud,100.0,8.0,19.0,1,0.0,0.0,125.0,10.0,40.0,1,500.0,80.0,68,152,0.379481,97.0,-0.083,144.0,110.0,9.5,0.0,-14,-0.118965,0.118965,13953.0,1677395922,1675991108,2023-02-24T19:26:03Z,27,87,22
80,,New Balance,New Balance 997,Charcoal/Yellow,New,CN,product,standard,1.0,men,Bodega No Bad Days,sneakers,2019-09-28,False,True,160.0,New Balance 997S,New-Balance-997S-Bodega-No-Bad-Days,MS997JBG,New Balance 997S Bodega No Bad Days,185.0,4.0,84.0,1,0.0,1.0,450.0,13.0,83.0,1,600.0,120.0,376,534,0.17369,80.0,1.844,335.0,455.0,11.0,0.0,144,0.463023,0.463023,26797.0,1677312430,1676901761,2023-02-24T13:27:35Z,62,0,53
81,,New Balance,New Balance 327,Blue/White,New,CN,product,standard,1.0,men,Blue,sneakers,2020-05-10,True,False,100.0,New Balance 327,New-Balance-327-Blue,MS327CLB,New Balance 327 Blue,88.0,9.5,58.0,1,0.0,0.0,95.0,7.0,12.0,1,144.0,63.0,88,114,0.12903,67.0,0.008,104.0,101.0,7.5,0.0,-19,-0.160081,0.160081,6966.0,1677188419,1677101347,2023-02-01T12:20:38Z,91,27,38
82,,New Balance,New Balance 327,Rain Cloud/Blue/Black,New,CN,product,standard,1.0,men,Rain Cloud Blue,sneakers,2021-09-22,True,False,110.0,New Balance 327,New-Balance-327-Rain-Cloud-Blue,MS327LU1,New Balance 327 Rain Cloud Blue,56.0,10.0,97.0,1,0.0,0.0,36.0,9.5,3.0,1,124.0,39.0,76,114,0.195648,55.0,-0.136,70.0,95.0,7.0,0.0,51,1.159091,1.159091,3841.0,1676086628,1677220706,2023-02-17T18:40:37Z,8,95,1
83,,New Balance,New Balance 57/40,Sage/Bleached Lime Glow,New,CN,product,standard,1.0,men,Sage Bleached Lime Glow,sneakers,2021-08-10,True,False,110.0,New Balance 57/40,New-Balance-57-40-Sage-Bleached-Lime-Glow,M5740WT1,New Balance 57/40 Sage Bleached Lime Glow,99.0,8.0,13.0,1,0.0,0.0,35.0,11.0,5.0,1,158.0,57.0,34,86,0.441111,48.0,-0.455,94.0,60.0,7.5,0.0,2,0.034483,0.034483,4497.0,1676639939,1676905484,2023-01-05T06:34:34Z,63,5,44
84,,New Balance,New Balance New Balance,Mushroom/Caramel,New,CN,product,standard,1.0,men,Mushroom,sneakers,2022-04-28,True,False,100.0,New Balance 57/40,New-Balance-57-40-Mushroom,M5740RSB,New Balance 57/40 Mushroom,66.0,8.0,84.0,1,0.0,0.0,60.0,8.5,3.0,1,166.0,53.0,44,96,0.36687,41.0,-0.3,86.0,70.0,7.0,0.0,-35,-0.333333,0.333333,3542.0,1676664769,1676526494,2023-02-16T04:50:07Z,62,56,87
85,,New Balance,New Balance Other,White/Grey,New,CN,product,standard,1.0,men,Thisisneverthat White,sneakers,2022-05-19,False,True,0.0,New Balance 860v2,New-Balance-860-V2-White,ML860TW2,New Balance 860v2 Thisisneverthat White,120.0,9.0,52.0,1,0.0,0.0,124.0,10.5,10.0,1,281.0,100.0,60,140,0.397573,36.0,0.0,184.0,100.0,9.5,0.0,-54,-0.351482,0.351482,6633.0,1676325530,1676642946,2023-01-24T07:57:50Z,83,80,10
86,,New Balance,New Balance 997,Light Rogue Wave/Ghost Pepper,New,VN,product,standard,1.0,men,Vintage Pack Light Rogue Wave,sneakers,2021-03-21,False,True,100.0,New Balance 997H,New-Balance-997H-Vintage-Pack-Light-Rogue-Wave,CM997HRP,New Balance 997H Vintage Pack Light Rogue Wave,135.0,11.0,7.0,1,0.0,0.0,0.0,,0.0,0,168.0,80.0,122,162,0.142929,33.0,0.42,106.0,142.0,9.5,0.0,19,0.154472,0.154472,3489.0,1676352997,0,2022-11-29T19:38:56Z,18,8,17
87,,Nike,Air Max 95,Team Red/Summit White/University Red,New,VN,product,standard,1.0,men,Anatomy of Air GID,sneakers,2022-06-23,True,False,180.0,Air Max 95,Air-Max-95-Anatomy-of-Air-GID,DM0012-600,Air Max 95 Anatomy of Air GID,89.0,4.5,283.0,1,101.0,45.0,107.0,9.5,183.0,1,252.0,65.0,152,180,0.086284,724.0,-0.078,126.0,166.0,8.5,101.0,18,0.114286,0.114286,90982.0,1677415606,1677437040,2023-02-26T19:12:50Z,30,32,10
88,,Nike,Air Max 90,Obsidian/Thunder Blue/Light Madder Root/Marina,New,VN,product,standard,1.0,men,Obsidian,sneakers,2022-02-04,True,False,150.0,Nike Air Max 90 Terrascape,Nike-Air-Max-90-Terrascape-Obsidian,DH4677-400,Nike Air Max 90 Terrascape Obsidian,88.0,8.5,164.0,1,20.0,18.0,140.0,12.5,117.0,1,278.0,70.0,120,158,0.139391,1833.0,-0.073,133.0,139.0,10.5,20.0,28,0.251384,0.251384,243310.0,1677414137,1677311091,2023-02-26T03:24:20Z,34,17,18
89,,Nike,Air Max 90,Summit White/Photon Dust/Light Iron Ore,New,VN,product,standard,1.0,men,White Photon Dust,sneakers,2022-07-07,True,False,140.0,Nike Air Max 90 Terrascape,Nike-Air-Max-90-Terrascape-White-Rattan,DM0033-100,Nike Air Max 90 Terrascape White Photon Dust,91.0,8.0,128.0,1,12.0,10.0,142.0,12.5,74.0,1,185.0,65.0,98,110,0.05985,559.0,-0.257,111.0,104.0,11.5,12.0,0,0,0,62304.0,1676544958,1676643693,2023-02-21T03:36:41Z,78,15,63
90,,Nike,Air Max Other,Black/Black/Black,New,VN,product,standard,1.0,men,Triple Black,sneakers,2021-09-24,True,False,160.0,Nike Air Max 2021,Nike-Air-Max-2021-Triple-Black,DH4245-002,Nike Air Max 2021 Triple Black,95.0,8.0,123.0,1,8.0,9.0,138.0,5.5,111.0,1,270.0,30.0,101,119,0.082725,754.0,-0.313,107.0,110.0,9.5,8.0,-1,-0.009009,0.009009,80586.0,1676912257,1676019468,2023-02-22T18:29:04Z,39,68,26
91,,Nike,Air Max 90,Moon Fossil/Light Menta/Court Purple,New,VN,product,standard,1.0,men,Moon Fossil Light Menta,sneakers,2022-08-01,True,False,140.0,Nike Air Max 90 Terrascape,Nike-Air-Max-90-Terrascape-Moon-Fossil-Light-Menta,DQ3987-001,Nike Air Max 90 Terrascape Moon Fossil Light Menta,93.0,8.0,147.0,1,6.0,4.0,96.0,10.5,67.0,1,246.0,75.0,127,167,0.134414,251.0,0.049,109.0,147.0,12.0,6.0,2,0.013024,0.013024,27253.0,1676675889,1677426450,2023-02-25T20:14:04Z,52,18,10
92,,Nike,Air Max Other,Marina/White/Black/Grey Jade,New,VN,product,standard,1.0,men,Marina,sneakers,2022-05-12,True,True,130.0,Nike Air Max BW OG,Nike-Air-Max-BW-OG-Marina,DJ9648-400,Nike Air Max BW OG Marina,123.0,13.0,136.0,1,4.0,11.0,143.0,6.5,122.0,1,405.0,85.0,121,164,0.148512,1559.0,0.096,175.0,143.0,13.0,4.0,-42,-0.229885,0.229885,273530.0,1677248298,1677138869,2023-02-23T21:29:36Z,51,28,11
93,,Nike,Air Max 95,Cool Grey/University Blue-Dark Obsidian,New,CN,product,standard,25.0,men,Cool Grey University Blue Dark Obsidian,sneakers,,True,True,180.0,Nike Air Max 95,Nike-Air-Max-95-Cool-Grey-University-Blue-Dark-Obsidian,DM0011-003,Nike Air Max 95 Cool Grey University Blue Dark Obsidian,129.0,9.5,126.0,1,4.0,3.0,120.0,9.0,22.0,1,270.0,115.0,109,135,0.104282,47.0,-0.322,165.0,122.0,10.0,4.0,-17,-0.122302,0.122302,7743.0,1677384956,1676730384,2023-02-26T04:05:38Z,59,24,46
94,,Nike,Air Max Plus,White/Red-White,New,CN,product,standard,1.0,men,Supreme White,sneakers,2020-11-01,False,True,180.0,Nike Air Max Plus,Nike-Air-Max-Plus-Supreme-White,DA1472-100,Nike Air Max Plus Supreme White,380.0,9.0,57.0,1,3.0,2.0,336.0,10.0,143.0,1,625.0,232.0,430,557,0.128716,163.0,1.742,401.0,494.0,12.5,3.0,65,0.150428,0.150428,65300.0,1677109805,1677424533,2023-02-25T14:01:05Z,10,85,27
95,,Nike,Air Max 1,White/Martian Sunrise-Wolf Grey-Black,New,CN,product,standard,1.0,men,Martian Sunrise,sneakers,2021-01-14,True,True,140.0,Nike Air Max 1,Air-Max-1-Martian-Sunrise,DH4059-102,Nike Air Max 1 Martian Sunrise,134.0,6.0,127.0,1,2.0,1.0,160.0,12.0,134.0,1,320.0,85.0,126,184,0.18799,504.0,0.107,181.0,155.0,8.0,2.0,0,0,0,91311.0,1677409747,1676866739,2023-02-25T06:26:24Z,98,53,4
96,,Nike,Air Max Other,Black/Racer Blue-White-Light Smoke Grey,New,CN,product,standard,1.0,men,Racer Blue,sneakers,2021-08-05,True,False,170.0,Nike Air Tuned Max,Nike-Air-Tuned-Max-Racer-Blue,DH8623-001,Nike Air Tuned Max Racer Blue,91.0,10.5,87.0,1,2.0,1.0,63.0,10.0,47.0,1,172.0,50.0,74,126,0.256108,136.0,-0.412,105.0,100.0,12.0,2.0,-41,-0.293113,0.293113,14283.0,1671821899,1677408383,2023-02-26T02:43:14Z,30,92,2
97,,Nike,Air Max 90,Wolf Grey/Black-University Gold-White,New,VN,product,standard,1.0,men,Batman,sneakers,2022-03-19,False,True,130.0,Nike Air Max 90,Nike-Air-Max-90-Batman,DH4619-003,Nike Air Max 90 Batman,203.0,8.5,39.0,1,1.0,0.0,265.0,11.0,83.0,1,376.0,110.0,227,293,0.127047,1594.0,1.0,172.0,260.0,9.5,1.0,20,0.083333,0.083333,274668.0,1677396611,1677306084,2023-02-23T21:57:13Z,81,54,5
98,,Nike,Air Max 90,White/Grey-Red-Blue,New,VN,product,standard,1.0,men,Athletic Club,sneakers,2022-01-29,True,False,130.0,Nike Air Max 90,Nike-Air-Max-90-Athletic-Club,DQ8235-001,Nike Air Max 90 Athletic Club,83.0,8.5,52.0,1,1.0,2.0,130.0,12.0,86.0,1,235.0,60.0,133,175,0.138525,330.0,0.185,110.0,155.0,9.5,1.0,31,0.242369,0.242369,36394.0,1677415095,1677225337,2023-02-25T06:22:55Z,62,48,61
99,,Nike,Air Max 1,White/Mystic Dates-Wolf Grey-Black,New,CN,product,standard,1.0,men,Mystic Dates,sneakers,2020-09-30,False,True,130.0,Nike Air Max 1,Nike-Air-Max-1-Mystic-Dates,DB5074-101,Nike Air Max 1 Mystic Dates,132.0,7.5,57.0,1,1.0,0.0,148.0,13.0,78.0,1,305.0,120.0,157,227,0.183184,191.0,0.477,194.0,192.0,10.5,1.0,-23,-0.106977,0.106977,37031.0,1677231593,1677309752,2023-02-24T02:35:54Z,60,28,13
100,,Nike,Air Max 90,White/Light Smoke Grey-Particle Grey-Obsidian,New,CN,product,standard,1.0,men,White Grey Obsidian,sneakers,2020-05-01,True,True,120.0,Nike Air Max 90,Nike-Air-Max-90-White-Grey-Obsidian,CT4352-100,Nike Air Max 90 White Grey Obsidian,107.0,8.0,29.0,1,1.0,3.0,175.0,11.0,55.0,1,420.0,70.0,61,146,0.413077,121.0,-0.139,174.0,104.0,7.0,1.0,-61,-0.37418,0.37418,21101.0,1677395337,1676538870,2023-02-24T03:07:40Z,93,45,19
101,,Nike,Air Max 1,Net/Deep Red-Blaze Orange,New,CN,product,standard,1.0,preschool,CLOT Kiss of Death (2021) (PS),sneakers,2021-03-27,True,False,80.0,Nike Air Max 1,Nike-Air-Max-1-Clot-Kiss-of-Death-2021-PS,DH2493-100,Nike Air Max 1 CLOT Kiss of Death (2021) (PS),50.0,1.0,82.0,1,1.0,1.0,42.0,10.5,30.0,1,166.0,28.0,59,90,0.208287,88.0,-0.069,87.0,75.0,11.0,1.0,27,0.555557,0.555557,7613.0,1676655271,1677049984,2023-02-21T03:04:29Z,88,89,39
102,,Nike,Nike Other Golf,Blue Void/Hyper Pink-Thunderstorm,New,CN,product,standard,1.0,men,No Denim Allowed Navy,sneakers,2019-12-02,False,True,140.0,Nike Air Max 1 Golf,Nike-Air-Max-1-G-No-Denim-Allowed-Navy,CI6876-400,Nike Air Max 1 Golf No Denim Allowed Navy,168.0,8.5,28.0,1,1.0,0.0,140.0,10.5,53.0,1,348.0,101.0,117,243,0.349917,44.0,0.286,193.0,180.0,11.5,1.0,79,0.782178,0.782178,8512.0,1676664260,1676603374,2023-02-17T12:13:17Z,14,17,54
103,,Nike,Air Max Other,Black/White-Pure Purpl,New,CN,product,standard,1.0,men,Black Purple (2015),sneakers,2015-08-06,False,True,140.0,Nike Air Max 2 CB 94,Nike-Air-Max-2-CB-94-2015,305440-006,Nike Air Max 2 CB 94 Black Purple (2015),351.0,8.5,6.0,1,1.0,0.0,300.0,13.0,47.0,1,667.0,180.0,288,512,0.280204,14.0,1.857,361.0,400.0,10.5,1.0,95,0.30805,0.30805,5060.0,1676386828,1675069745,2023-02-11T16:30:05Z,54,82,55
104,,Nike,Air Max 1,Metallic Silver/Monarch-Pure Platinum,New,CN,product,standard,1.0,men,Patta Waves Monarch (without Bracelet),sneakers,2021-10-15,False,True,160.0,Nike Air Max 1,Nike-Air-Max-1-Patta-Monarch,DH1348-001,Nike Air Max 1 Patta Waves Monarch (without Bracelet),196.0,3.5,207.0,1,0.0,1.0,285.0,13.0,141.0,1,526.0,0.0,208,329,0.224259,554.0,0.679,277.0,269.0,9.0,0.0,49,0.221356,0.221356,153495.0,1676834154,1677136932,2023-02-18T00:51:16Z,49,35,57
105,,Nike,Air Max 90,Wolf Grey/Kumquat/Cool Grey/White,New,CN,product,standard,1.0,men,Wolf Grey Kumquat Cool Grey White,sneakers,2021-11-13,True,True,120.0,Nike Air Max 90,Nike-Air-Max-90-Wolf-Grey-Kumquat-Cool-Grey-White,DR0145-001,Nike Air Max 90 Wolf Grey Kumquat Cool Grey White,108.0,7.5,34.0,1,0.0,3.0,120.0,10.5,28.0,1,315.0,61.0,180,260,0.179896,315.0,0.833,156.0,220.0,11.5,0.0,61,0.383648,0.383648,49049.0,1676714217,1676670062,2023-02-19T17:41:11Z,25,45,7
106,,Nike,Air Max VaporMax,Dark Razon/Pink Blast-Black-Blue Fox,New,CN,product,standard,1.0,women,Dark Razon (W),sneakers,2021-02-05,True,True,220.0,Nike Air VaporMax 2020,Nike-Air-VaporMax-2020-Dark-Razon-W,CV8821-502,Nike Air VaporMax 2020 Dark Razon (W),115.0,,29.0,1,0.0,0.0,130.0,,28.0,1,254.0,73.0,65,143,0.377641,217.0,-0.527,131.0,104.0,,0.0,-22,-0.174603,0.174603,28332.0,1677412164,1677104614,2023-02-19T22:27:16Z,3,54,49
107,,Nike,Air Max VaporMax,Black/Black-Black,New,CN,product,standard,1.0,men,Triple Black,sneakers,2019-01-10,True,True,190.0,Nike Air VaporMax 2019,Nike-Air-VaporMax-2019-Triple-Black,AR6631-004,Nike Air VaporMax 2019 Triple Black,171.0,9.5,54.0,1,0.0,0.0,170.0,6.5,66.0,1,369.0,106.0,227,303,0.143559,181.0,0.394,188.0,265.0,10.0,0.0,140,1.11879,1.11879,33993.0,1676704822,1677318005,2023-02-26T14:19:59Z,20,78,24
108,,Nike,Air Max 270,Light Arctic Pink/Orange Pulse-White-Black,New,CN,product,standard,1.0,women,Light Arctic Pink (W),sneakers,2020-04-19,True,True,170.0,Nike Air Max 270 React SE,Nike-Air-Max-270-React-SE-Light-Arctic-Pink-W,CJ0620-600,Nike Air Max 270 React SE Light Arctic Pink (W),108.0,5.5,29.0,1,0.0,1.0,160.0,9.0,39.0,1,300.0,33.0,98,146,0.197974,149.0,-0.282,128.0,122.0,8.0,0.0,3,0.02152,0.02152,19103.0,1676539297,1677433419,2023-02-22T14:30:35Z,15,64,64
109,,Nike,Air Max 95,Summit White/Champagne/Orange Pearl/Black,New,CN,product,standard,1.0,women,Champagne (W),sneakers,2020-12-16,True,False,170.0,Nike Air Max 95,Nike-Air-Max-95-Champagne-W,CV8828-100,Nike Air Max 95 Champagne (W),95.0,,19.0,1,0.0,1.0,80.0,,39.0,1,216.0,63.0,65,103,0.228682,134.0,-0.507,102.0,84.0,,0.0,-8,-0.095261,0.095261,13619.0,1677004631,1675142688,2023-02-21T10:35:26Z,5,62,57
110,,Nike,Air Max 90,White/Black/Volt/Blue Fury,New,CN,product,standard,1.0,men,Worldwide,sneakers,2020-07-16,True,False,130.0,Nike Air Max 90 SE,Nike-Air-Max-90-SE-Worldwide,CZ6419-100,Nike Air Max 90 SE Worldwide,99.0,8.0,32.0,1,0.0,0.0,100.0,13.0,58.0,1,241.0,60.0,104,161,0.213889,109.0,0.02,115.0,133.0,10.0,0.0,-6,-0.047041,0.047041,12567.0,1676005541,1677156172,2023-02-21T21:35:14Z,90,36,46
111,,Nike,Air Max 720,Summit White/Racer Blue,New,CN,product,standard,1.0,men,OBJ Slip White,sneakers,2020-04-01,True,True,200.0,Nike Air Max 720,Nike-Air-Max-720-OBJ-Slip-White,DA4155-100,Nike Air Max 720 OBJ Slip White,150.0,10.0,22.0,1,0.0,0.0,138.0,11.0,47.0,1,240.0,90.0,125,175,0.165209,94.0,-0.25,155.0,150.0,9.5,0.0,-16,-0.09816,0.09816,14603.0,1676724517,1677036532,2023-02-18T01:20:14Z,23,46,68
112,,Nike,Air Force One,Black/Tiffany Blue,New,CN,product,standard,1.0,men,Tiffany And Co.,sneakers,2023-03-07,False,True,400.0,Nike Air Force 1 Low SP,Nike-Air-Force-1-Low-SP-Tiffany-And-Co,DZ1382-001,Nike Air Force 1 Low SP Tiffany And Co.,1090.0,6.5,239.0,1,294.0,137.0,1500.0,15.0,612.0,1,4831.0,829.0,1171,1477,0.11562,534.0,2.311,1516.0,1325.0,10.0,294.0,325,0.324346,0.324346,809787.0,1677414453,1677312889,2023-02-26T20:35:34Z,32,50,95
113,,Nike,Air Force One,Black/White,New,CN,product,standard,1.0,men,Black White Pebbled Leather,sneakers,2021-04-01,True,False,90.0,"""Nike Air Force 1 Low '07""",Nike-Air-Force-1-Low-07-Black-White-Pebbled-Leather,CT2302-002,"""Nike Air Force 1 Low '07 Black White Pebbled Leather""",75.0,12.0,248.0,1,13.0,20.0,85.0,8.0,101.0,1,203.0,55.0,58,88,0.202023,1196.0,-0.189,100.0,73.0,10.0,13.0,-16,-0.179775,0.179775,119465.0,1677334513,1677108370,2023-02-26T19:57:51Z,12,25,21
114,,Nike,Air Force One,Court Blue/White-Goldtone,New,VN,product,standard,1.0,men,Undefeated 5 On It Blue Yellow Croc,sneakers,2021-09-08,True,False,120.0,Nike Air Force 1 Low SP,Nike-Air-Force-1-Low-Undefeated-Dunk-Vs-AF1-Croc-Blue-Yellow,DM8462-400,Nike Air Force 1 Low SP Undefeated 5 On It Blue Yellow Croc,85.0,4.0,593.0,1,7.0,5.0,105.0,12.5,124.0,1,201.0,45.0,71,99,0.168851,1906.0,-0.292,109.0,85.0,6.5,7.0,-12,-0.123711,0.123711,207287.0,1677192182,1677104614,2023-02-23T17:42:49Z,21,36,64
115,,Nike,Air Force One,Black/Black-Black,New,CN,product,standard,1.0,women,Triple Black (W),sneakers,2019-10-03,True,True,110.0,Nike Air Force 1 Low Shadow,Nike-Air-Force-1-Shadow-Triple-Black-W,CI0919-001,Nike Air Force 1 Shadow Triple Black (W),108.0,,97.0,1,5.0,2.0,100.0,,62.0,1,235.0,57.0,126,174,0.157027,288.0,0.363,127.0,150.0,,5.0,32,0.270971,0.270971,36560.0,1677309586,1677249748,2023-02-25T07:55:58Z,79,38,93
116,,Nike,Air Force One,White/White-Midnight Navy-Gum Yellow,New,VN,product,standard,1.0,men,Jewel NYC White Midnight Navy,sneakers,2022-05-20,True,False,140.0,Nike Air Force 1 Mid QS,Nike-Air-Force-1-Mid-Jewel-NYC-White,DH5622-100,Nike Air Force 1 Mid QS Jewel NYC White Midnight Navy,70.0,15.0,178.0,1,3.0,5.0,100.0,6.5,90.0,1,260.0,54.0,110,134,0.0,853.0,-0.35,122.0,91.0,10.0,3.0,1,0.011111,0.011111,103798.0,1677229987,1676444909,2023-02-23T21:32:18Z,33,14,51
117,,Nike,Air Force One,Sail/Orange Chalk/Dark Obsidian/Pink Glaze,New,ID,product,standard,1.0,women,Sail Pink Glaze (W),sneakers,2021-10-18,True,True,110.0,Nike Air Force 1 Low Shadow,Nike-Air-Force-1-Shadow-Sail-Pink-Glaze-W,CI0919-111,Nike Air Force 1 Low Shadow Sail Pink Glaze (W),102.0,,97.0,1,2.0,2.0,125.0,,63.0,1,204.0,63.0,88,116,0.132514,1100.0,-0.073,121.0,102.0,,2.0,0,-0.001081,0.001081,133359.0,1677275700,1677142460,2023-02-24T21:54:16Z,12,91,42
118,,Nike,Air Force One,Sail/Black/Wheat Grass/Sanded Gold,New,VN,product,standard,1.0,men,Next Nature Sun Club Wheat Grass,sneakers,2022-08-01,True,True,110.0,"""Nike Air Force 1 Low '07 LV8""",Nike-Air-Force-1-Low-07-LV8-Next-Nature-Sun-Club-Wheat-Grass,DM0117-100,"""Nike Air Force 1 Low '07 LV8 Next Nature Sun Club Wheat Grass""",104.0,8.0,90.0,1,2.0,4.0,88.0,9.0,43.0,1,167.0,84.0,125,155,0.109145,208.0,0.273,115.0,140.0,12.0,2.0,19,0.157025,0.157025,23841.0,1676690264,1677191106,2023-02-25T22:37:58Z,9,33,5
119,,Nike,Air Force One,Sail/University Gold-White-Aurora Green-Rush Orange,New,ID,product,standard,1.0,men,Year of the Tiger,sneakers,2022-03-30,True,True,130.0,"""Nike Air Force 1 Low '07 LX""",Nike-Air-Force-1-Low-Year-of-the-Tiger,DR0147-171,"""Nike Air Force 1 Low '07 LX Year of the Tiger""",103.0,10.0,111.0,1,1.0,1.0,100.0,8.0,56.0,1,200.0,75.0,130,170,0.132387,473.0,0.154,129.0,150.0,12.5,1.0,13,0.093208,0.093208,60965.0,1677031006,1677280947,2023-02-22T19:11:24Z,94,55,69
120,,Nike,Air Force One,Black/Orange,New,CN,product,standard,1.0,men,Shibuya Halloween,sneakers,2019-10-30,True,True,140.0,Nike Air Force 1 Low,Nike-Air-Force-1-Low-Shibuya-Halloween,CT1251-006,Nike Air Force 1 Low Shibuya Halloween,122.0,9.5,116.0,1,1.0,5.0,160.0,6.5,60.0,1,300.0,31.0,137,193,0.170964,203.0,0.179,149.0,165.0,8.0,1.0,23,0.161059,0.161059,30287.0,1677437024,1671176330,2023-02-23T22:05:06Z,24,46,29
121,,Nike,Air Force One,Rattan/Black-Pecan-Summit White,New,ID,product,standard,1.0,women,Toasty (W),sneakers,2021-11-05,True,False,120.0,Nike Air Force 1 Low LXX,Nike-Air-Force-1-Low-LXX-Toasty-W,DH0775-200,Nike Air Force 1 Low LXX Toasty (W),61.0,,114.0,1,1.0,0.0,83.0,,30.0,1,185.0,25.0,23,101,0.626865,115.0,-0.483,97.0,62.0,,1.0,-83,-0.574526,0.574526,11211.0,1676001763,1677395910,2023-02-25T17:33:11Z,85,65,0
122,,Nike,Air Force One,Limestone/Limestone-Rattan-Summit White,New,VN,product,standard,25.0,men,Limestone,sneakers,,False,False,0.0,"""Nike Air Force 1 Mid '07 LX""",Nike-Air-Force-1-Mid-07-LX-Limestone,DV7585-200,"""Nike Air Force 1 Mid '07 LX Limestone""",94.0,9.5,89.0,1,1.0,2.0,56.0,9.5,16.0,1,216.0,80.0,104,149,0.174967,39.0,0.0,124.0,127.0,12.0,1.0,-1,-0.011041,0.011041,4822.0,1677315462,1676654405,2023-02-24T07:18:07Z,41,44,63
123,,Nike,Air Force One,University Blue/White,New,VN,product,standard,1.0,men,University Blue White,sneakers,2021-10-14,False,True,90.0,"""Nike Air Force 1 Low '07""",Nike-Air-Force-1-Low-07-University-Blue-White,DC2911-400,"""Nike Air Force 1 Low '07 University Blue White""",135.0,10.5,162.0,1,0.0,0.0,126.0,15.0,51.0,1,254.0,72.0,121,187,0.211522,1180.0,0.711,144.0,154.0,12.0,0.0,44,0.4,0.4,170375.0,1677182915,1676675722,2023-02-20T17:28:15Z,54,7,47
124,,Nike,Air Force One,White/University Blue,New,VN,product,standard,1.0,women,University Blue (W),sneakers,2022-03-01,False,True,95.0,Nike Air Force 1 Low Next Nature,Nike-Air-Force-1-Low-Next-Nature-University-Blue-W,DN1430-100,Nike Air Force 1 Low Next Nature University Blue (W),130.0,,51.0,1,0.0,0.0,120.0,,25.0,1,277.0,32.0,147,201,0.1552,364.0,0.832,134.0,174.0,,0.0,36,0.26087,0.26087,48653.0,1676642715,1676162857,2023-02-11T03:30:45Z,3,1,31
125,,Nike,Air Force One,University Blue/White/Deep Royal Blue,New,VN,product,standard,1.0,men,First Use University Blue,sneakers,2021-07-16,False,True,110.0,Nike Air Force 1 Low,Nike-Air-Force-1-Low-First-Use-University-Blue,DB3597-400,Nike Air Force 1 Low First Use University Blue,174.0,15.0,51.0,1,0.0,0.0,125.0,10.5,56.0,1,279.0,75.0,168,205,0.0,222.0,0.959,188.0,216.0,9.0,0.0,16,0.077705,0.077705,41774.0,1676649691,1677315504,2023-02-03T13:01:10Z,73,82,38
126,,Nike,Air Force One,Natural/Navy/White-Gum,New,CN,product,standard,1.0,men,Paisley Swoosh,sneakers,2021-10-07,False,True,110.0,Nike Air Force 1 Low,Nike-Air-Force-1-Low-Paisley-Swoosh,DJ4631-200,Nike Air Force 1 Low Paisley Swoosh,236.0,12.0,62.0,1,0.0,2.0,205.0,9.0,115.0,1,516.0,153.0,233,321,0.158559,163.0,1.518,263.0,277.0,9.0,0.0,-134,-0.32707,0.32707,42809.0,1676798435,1677370001,2023-02-22T16:59:37Z,83,91,45
127,,Nike,Air Force One,Pearl White/Sail White-Fossil Lime-Pink Oxford-Vine Brown-Black,New,VN,product,standard,1.0,women,Toasty Pink Oxford (W),sneakers,2021-10-08,True,False,110.0,Nike Air Force 1 Low,Nike-Air-Force-1-Low-Toasty-Pink-Oxford-W,DH0775-201,Nike Air Force 1 Low Toasty Pink Oxford (W),65.0,,113.0,1,0.0,1.0,59.0,,7.0,1,150.0,25.0,71,91,0.119072,129.0,-0.264,82.0,81.0,,0.0,-11,-0.124931,0.124931,10566.0,1677431331,1675219676,2023-02-21T22:52:28Z,72,56,40
128,,Nike,Air Force One,Barely Green/White/Platinum Violet/Black,New,CN,product,standard,1.0,women,8 Bit Barely Green (W),sneakers,2021-01-28,True,False,120.0,Nike Air Force 1 Low Shadow,Nike-Air-Force-1-Low-Shadow-8-Bit-Barely-Green-W,CV8480-300,Nike Air Force 1 Low Shadow 8 Bit Barely Green (W),92.0,,117.0,1,0.0,2.0,92.0,,52.0,1,184.0,42.0,99,124,0.110736,108.0,-0.069,122.0,112.0,,0.0,-3,-0.027778,0.027778,13172.0,1677061673,1677146679,2023-02-22T20:55:49Z,60,89,28
129,,Nike,Air Force One,White/Solar Red/White/Dark Teal Green,New,VN,product,standard,1.0,women,White Solar Red (W),sneakers,2021-03-09,True,True,110.0,Nike Air Force 1 Low Shadow,Nike-Air-Force-1-Low-Shadow-White-Solar-Red-W,DB3902-100,Nike Air Force 1 Low Shadow White Solar Red (W),103.0,,78.0,1,0.0,0.0,85.0,,34.0,1,227.0,92.0,79,143,0.292323,89.0,0.009,128.0,111.0,,0.0,11,0.11,0.11,11392.0,1677433278,1676694829,2023-02-12T22:03:04Z,47,32,36
130,,Nike,Air Force One,Habanero Red/Habanero Red/White/Black,New,VN,product,standard,1.0,child,Habanero Red (GS),sneakers,2022-01-10,True,False,95.0,Nike Air Force 1 Low Mesh Pocket,Nike-Air-Force-1-Low-Mesh-Pocket-Habanero-Red-GS,DH9596-600,Nike Air Force 1 Low Mesh Pocket Habanero Red (GS),86.0,,40.0,1,0.0,0.0,57.0,,10.0,1,158.0,65.0,63,107,0.256596,73.0,-0.105,91.0,85.0,,0.0,0,0,0,6626.0,1677044102,1676648400,2023-01-23T23:40:49Z,68,99,41
131,,Nike,Air Force One,Black/Black/Black,New,CN,product,standard,1.0,men,Triple Black,sneakers,,False,True,90.0,Nike Air Force 1 Low 07,Nike-Air-Force-1-Low-07-Triple-Black,CW2288-001,Nike Air Force 1 Low 07 Triple Black,106.0,12.5,101.0,1,0.0,3.0,72.0,12.0,16.0,1,192.0,73.0,93,147,0.223463,61.0,0.333,131.0,120.0,13.0,0.0,32,0.357898,0.357898,7966.0,1677045590,1675747993,2023-02-23T00:21:26Z,95,78,91
132,,Nike,Air Force One,White/White-Black-White,New,CN,product,standard,1.0,men,Drew League (2020),sneakers,2020-07-23,False,True,110.0,Nike Air Force 1 Low,Nike-Air-Force-1-Low-Drew-League-2020,CZ4272-100,Nike Air Force 1 Low Drew League (2020),120.0,13.0,49.0,1,0.0,0.0,130.0,10.5,75.0,1,280.0,87.0,120,204,0.256898,52.0,0.473,166.0,162.0,9.5,0.0,2,0.0125,0.0125,8626.0,1677135857,1676705381,2023-02-16T12:27:05Z,92,72,8
133,,Nike,Air Force One,White/White/Viotech,New,CN,product,standard,1.0,men,Viotech,sneakers,2021-03-25,False,True,90.0,Nike Air Force 1 Low,Nike-Air-Force-1-Low-Viotech,CV1724-105,Nike Air Force 1 Low Viotech,132.0,10.5,66.0,1,0.0,0.0,80.0,9.0,54.0,1,247.0,29.0,128,156,0.0,42.0,0.944,149.0,175.0,10.5,0.0,-11,-0.05987,0.05987,6257.0,1676571514,1676669367,2022-12-23T23:17:33Z,9,77,18
134,,Nike,Air Force One,Black/Black,New,CN,product,standard,1.0,men,Alyx Black (2020),sneakers,2020-01-16,True,True,400.0,Nike Air Force 1 High,Nike-Air-Force-1-High-Alyx-Black-2020,CQ4018-001,Nike Air Force 1 High Alyx Black (2020),268.0,6.5,47.0,1,0.0,0.0,209.0,6.5,70.0,1,721.0,170.0,58,408,0.750515,38.0,-0.418,312.0,233.0,6.0,0.0,-488,-0.676985,0.676985,11864.0,1676196145,1676737653,2023-02-01T05:11:13Z,28,53,49
135,,Nike,Air Force One,White/Yellow Strike,New,VN,product,standard,1.0,men,Lyrical Lemonade,sneakers,2022-09-29,False,True,150.0,Nike Air Force 1 Low,Nike-Air-Force-1-Low-Lyrical-Lemonade,,Nike Air Force 1 Low Lyrical Lemonade,443.0,10.5,6.0,1,0.0,0.0,400.0,11.0,48.0,1,976.0,300.0,511,833,0.239991,32.0,3.48,464.0,672.0,7.0,0.0,25,0.03864,0.03864,14847.0,1677149050,1675373056,2023-02-16T02:17:22Z,37,56,95
136,,Nike,Air Force One,Team Red/Sail-Pink Blast,New,CN,product,standard,1.0,men,Emotionally Unavailable,sneakers,2019-03-14,True,True,160.0,Nike Air Force 1 High,Nike-Air-Force-1-High-Emotionally-Unavailable,AV5840-600,Nike Air Force 1 High Emotionally Unavailable,145.0,11.5,61.0,1,0.0,0.0,151.0,12.5,69.0,1,217.0,99.0,109,191,0.2743,29.0,-0.063,145.0,150.0,5.0,0.0,-66,-0.307314,0.307314,4196.0,1677425921,1677362501,2023-02-20T00:32:10Z,88,48,48
137,,Jordan,Air Jordan One,Varsity Maize/Game Royal/Sail/Black/Fire Red,New,CN,product,standard,1.0,women,Reverse Laney (W),sneakers,2023-02-17,True,True,180.0,Jordan 1 Retro High OG,Air-Jordan-1-Retro-High-OG-Reverse-Laney-W,FD2596-700,Jordan 1 Retro High OG Reverse Laney (W),137.0,,643.0,1,249.0,133.0,236.0,,389.0,1,505.0,100.0,115,189,0.244773,1022.0,-0.156,200.0,152.0,,249.0,17,0.125926,0.125926,204211.0,1677428428,1677397038,2023-02-26T15:04:39Z,58,60,10
138,,Jordan,Air Jordan Twelve,Black/Black-Burgundy Crush,New,CN,product,standard,1.0,women,A Ma Manire Black (W),sneakers,2023-02-24,False,True,225.0,Jordan 12 Retro SP,Air-Jordan-12-Retro-A-Ma-Maniere-Black-W,DV6989-001,Jordan 12 Retro SP A Ma Manire Black (W),279.0,,518.0,1,67.0,12.0,375.0,,259.0,1,450.0,200.0,264,372,0.168929,83.0,0.413,332.0,318.0,,67.0,-32,-0.091429,0.091429,27521.0,1677412239,1677255007,2023-02-26T15:45:30Z,57,60,2
139,,Jordan,Air Jordan Thirteen,White/University Blue-Neutral Grey,New,CN,product,standard,1.0,men,SoleFly,sneakers,2022-12-02,True,True,200.0,Jordan 13 Retro,Air-Jordan-13-Retro-SoleFly,DX5763-100,Jordan 13 Retro SoleFly,190.0,4.0,457.0,1,39.0,31.0,340.0,14.0,256.0,1,537.0,148.0,170,244,0.178428,1597.0,0.037,249.0,208.0,13.0,39.0,29,0.158345,0.158345,398440.0,1677049667,1677283116,2023-02-26T22:26:37Z,71,60,92
140,,Jordan,Air Jordan One,Sail/Light Bone/College Grey/Black,New,CN,product,standard,1.0,men,Gore-Tex Light Bone,sneakers,2021-12-16,True,True,200.0,Jordan 1 High Element,Air-Jordan-1-High-Element-Gore-Tex-Light-Bone,DB2889-100,Jordan 1 High Element Gore-Tex Light Bone,180.0,7.5,458.0,1,27.0,26.0,280.0,6.5,212.0,1,399.0,99.0,239,309,0.128565,7819.0,0.37,232.0,274.0,12.0,27.0,16,0.062016,0.062016,1814508.0,1677413492,1677076231,2023-02-25T23:54:35Z,30,17,10
141,,Jordan,Air Jordan One,White/Red/Black,New,VN,product,standard,1.0,women,Reverse Black Toe (W),sneakers,2022-10-19,True,False,110.0,Jordan 1 Low,Air-Jordan-1-Low-Reverse-Black-Toe-W,DC0774-160,Jordan 1 Low Reverse Black Toe (W),79.0,,292.0,1,21.0,18.0,105.0,,100.0,1,196.0,61.0,84,104,0.104369,818.0,-0.145,107.0,94.0,,21.0,10,0.119048,0.119048,87277.0,1677144433,1677368947,2023-02-25T22:56:59Z,40,68,78
142,,Jordan,Air Jordan One,Black/Sail-Roma Green-Chile Red,New,VN,product,standard,1.0,men,Siempre Familia,sneakers,2021-10-29,True,False,150.0,Jordan 1 Mid SE,Air-Jordan-1-Mid-SE-SiEMPRE-Familia,DN4904-001,Jordan 1 Mid SE Siempre Familia,99.0,4.5,301.0,1,17.0,11.0,160.0,15.0,170.0,1,344.0,71.0,122,158,0.131657,2753.0,-0.067,137.0,140.0,10.0,17.0,4,0.029412,0.029412,378265.0,1677368363,1675791330,2023-02-25T21:35:37Z,48,44,81
143,,Jordan,Air Jordan One,Light Smoke Grey/White/Gym Red,New,CN,product,standard,1.0,men,Light Smoke Grey Gym Red,sneakers,2021-11-10,False,True,110.0,Jordan 1 Low SE,Air-Jordan-1-Low-Light-Smoke-Grey-Gym-Red,DC6991-016,Jordan 1 Low SE Light Smoke Grey Gym Red,137.0,7.5,359.0,1,14.0,17.0,200.0,14.0,143.0,1,258.0,66.0,142,168,0.080745,4820.0,0.409,155.0,155.0,13.0,14.0,-20,-0.114286,0.114286,745371.0,1677155485,1677445575,2023-02-26T12:44:11Z,72,67,87
144,,Jordan,Air Jordan One,Burnt Sunrise/Midnight Navy-White-Metallic Gold,New,CN,product,standard,1.0,unisex,Eastside Golf Out of the Mud,sneakers,2022-11-18,True,True,200.0,Jordan 1 Retro High Golf,Air-Jordan-1-Retro-High-Golf-Eastside-Golf-Out-of-the-Mud,DZ4523-800,Jordan 1 Retro High Golf Eastside Golf Out of the Mud,196.0,5.5,196.0,1,12.0,4.0,385.0,13.0,157.0,1,599.0,175.0,186,282,0.203578,757.0,0.17,310.0,234.0,6.5,12.0,57,0.322034,0.322034,234708.0,1677281200,1677343204,2023-02-25T14:58:06Z,52,20,58
145,,Jordan,Air Jordan Thirteen,Black/Varsity Red-White-Vibrant Yellow,New,ID,product,standard,1.0,toddler,Playoffs (2023) (TD),sneakers,2023-02-18,False,False,65.0,Jordan 13 Retro,Air-Jordan-13-Retro-Playoffs-2023-TD,DJ3004-062,Jordan 13 Retro Playoffs (2023) (TD),75.0,,66.0,1,10.0,10.0,65.0,,24.0,1,129.0,40.0,59,91,0.217721,41.0,0.154,75.0,75.0,,10.0,15,0.25,0.25,3087.0,1677388304,1676979101,2023-02-26T02:45:32Z,0,14,60
146,,Jordan,Air Jordan One,Black/Gym Red-White-Sail,New,CN,product,standard,1.0,men,Black Gym Red,sneakers,2019-06-29,False,True,160.0,Jordan 1 Retro High,Air-Jordan-1-Retro-High-Black-Gym-Red,555088-061,Jordan 1 Retro High Black Gym Red,210.0,9.0,422.0,1,8.0,8.0,233.0,12.0,179.0,1,432.0,170.0,178,240,0.150323,879.0,0.306,267.0,209.0,9.0,8.0,-57,-0.214286,0.214286,234516.0,1677264809,1677409323,2023-02-26T03:26:46Z,19,56,45
147,,Jordan,Air Jordan One,Taxi/Black-Sail,New,ID,product,standard,1.0,child,Taxi (PS),sneakers,2022-08-13,True,False,60.0,Jordan 1 Retro High OG,Air-Jordan-1-Retro-High-OG-Yellow-Toe-PS,AQ2664-711,Jordan 1 Retro High OG Taxi (PS),54.0,,220.0,1,7.0,3.0,100.0,,54.0,1,172.0,55.0,69,91,0.140768,875.0,0.333,89.0,80.0,,7.0,10,0.142857,0.142857,78291.0,1677421359,1677416177,2023-02-25T23:22:40Z,62,83,67
148,,Jordan,Air Jordan One,Black/White,New,CN,product,standard,1.0,men,SE All-Star (2021),sneakers,2021-09-20,False,True,90.0,Jordan 1 Low,Air-Jordan-1-Low-SE-All-Star-2021,DD1650-001,Jordan 1 Low SE All-Star (2021),259.0,8.0,171.0,1,6.0,6.0,325.0,13.0,161.0,1,880.0,150.0,252,302,0.091002,1558.0,2.078,275.0,278.0,8.0,6.0,19,0.069722,0.069722,428682.0,1677416218,1677409608,2023-02-26T09:16:23Z,40,99,18
149,,Jordan,Air Jordan One,Blue/Denim/White,New,VN,product,standard,1.0,child,Washed Denim (GS),sneakers,2022-02-01,False,False,80.0,Jordan 1 Low,Air-Jordan-1-Low-Washed-Denim-GS,DM8947-100,Jordan 1 Low Washed Denim (GS),82.0,,268.0,1,5.0,8.0,91.0,,72.0,1,225.0,65.0,98,124,0.11512,2989.0,0.388,107.0,111.0,,5.0,14,0.14433,0.14433,320851.0,1677420500,1677234880,2023-02-26T07:34:10Z,95,73,73
150,,Jordan,Air Jordan One,Fossil Stone/Fossil Rose/Psychic Purple/White,New,CN,product,standard,1.0,men,Fossil Stone,sneakers,2022-07-22,True,True,135.0,Jordan 1 High Zoom Air CMFT,Air-Jordan-1-High-Zoom-Air-CMFT-Fossil-Stone,CT0978-201,Jordan 1 High Zoom Air CMFT Fossil Stone,105.0,9.5,217.0,1,5.0,1.0,165.0,14.0,72.0,1,231.0,75.0,91,119,0.130893,558.0,-0.222,126.0,105.0,9.5,5.0,-45,-0.3,0.3,70584.0,1677413382,1677329061,2023-02-26T06:48:36Z,35,97,62
151,,Jordan,Air Jordan One,Celestine Blue/Sail-Navy,New,ID,product,standard,1.0,men,Celestine Blue,sneakers,2022-02-01,False,True,140.0,Jordan 1 High Zoom Air CMFT,Air-Jordan-1-High-Zoom-Air-CMFT-Celestine-Blue,DQ5091-041,Jordan 1 High Zoom Air CMFT Celestine Blue,245.0,8.0,42.0,1,4.0,0.0,335.0,11.5,65.0,1,566.0,158.0,253,359,0.172822,1181.0,1.189,239.0,307.0,11.0,4.0,48,0.1831,0.1831,282577.0,1677173180,1677353182,2023-02-26T02:16:38Z,63,98,46
152,,Jordan,Air Jordan Other,Black/Metallic Silver-Signal Blue-Siren Red-Green Glow,New,VN,product,standard,1.0,men,University Red,sneakers,2022-12-19,True,False,110.0,Jordan Luka 1,Air-Jordan-Luka-1-University-Red,DN1772-676/DN1771-676,Jordan Luka 1 University Red,86.0,10.5,179.0,1,4.0,9.0,90.0,13.0,82.0,1,303.0,47.0,73,103,0.172969,375.0,-0.2,136.0,88.0,11.5,4.0,-13,-0.128713,0.128713,50907.0,1677448707,1677145476,2023-02-26T16:31:02Z,23,89,99
153,,Jordan,Air Jordan One,Turf Orange/Black-White,New,VN,product,standard,1.0,child,Turf Orange (GS),sneakers,2021-02-15,True,False,100.0,Jordan 1 Mid,Air-Jordan-1-Mid-Turf-Orange-GS,BQ6931-802,Jordan 1 Mid Turf Orange (GS),88.0,,221.0,1,3.0,3.0,91.0,,46.0,1,175.0,71.0,87,115,0.136984,1182.0,0.01,113.0,101.0,,3.0,-31,-0.235271,0.235271,133612.0,1677248814,1676878877,2023-02-23T16:37:07Z,70,96,15
154,,Jordan,Air Jordan Other,Black/Alpha Orange-Chile Red,New,ID,product,standard,1.0,men,Naruto Nine Tails,sneakers,2022-05-18,True,False,130.0,Jordan Zion 1,Air-Jordan-Zion-1-Naruto-Nine-Tails,DQ4706-086/DQ5569-086,Jordan Zion 1 Naruto Nine Tails,89.0,8.0,108.0,1,3.0,3.0,90.0,10.0,58.0,1,291.0,60.0,175,271,0.216337,293.0,0.715,140.0,223.0,13.0,3.0,91,0.689394,0.689394,40964.0,1677397804,1677409586,2023-02-26T02:00:47Z,68,1,41
155,,Jordan,Air Jordan One,White/Arctic Orange-Black,New,CN,product,standard,1.0,men,Arctic Orange Black Toe,sneakers,2021-05-04,True,True,115.0,Jordan 1 Mid,Air-Jordan-1-Mid-Crimson-Tint-Toe,554724-133,Jordan 1 Mid Arctic Orange Black Toe,106.0,15.0,310.0,1,2.0,9.0,142.0,7.0,123.0,1,312.0,63.0,154,188,0.0,1505.0,0.348,171.0,155.0,11.5,2.0,-2,-0.012739,0.012739,256973.0,1677440930,1677309049,2023-02-25T21:56:18Z,76,32,74
156,,Jordan,Air Jordan Eleven,White/White-Black-Legend Blue,New,CN,product,standard,1.0,preschool,Legend Blue (PS),sneakers,2021-05-07,False,False,80.0,Jordan 11 Retro Low,Air-Jordan-11-Retro-Low-Legend-Blue-PS,505835-117,Jordan 11 Retro Low Legend Blue (PS),85.0,2.0,148.0,1,2.0,2.0,116.0,11.5,32.0,1,235.0,34.0,91,117,0.129091,432.0,0.3,94.0,104.0,11.0,2.0,-6,-0.054545,0.054545,40493.0,1677415408,1677363963,2023-02-25T16:18:50Z,39,80,88
157,,Jordan,Air Jordan Eleven,White/Black-Dark Concord,New,CN,product,standard,1.0,men,Concord (2011),sneakers,2011-12-23,False,True,175.0,Jordan 11 Retro,Air-Jordan-11-Retro-Concord-2011,378037-107,Jordan 11 Retro Concord (2011),375.0,18.0,87.0,1,2.0,7.0,455.0,15.0,79.0,1,600.0,249.0,432,568,0.136787,201.0,1.857,426.0,500.0,11.0,2.0,100,0.25,0.25,85546.0,1676637645,1676276458,2023-02-21T00:13:54Z,44,19,47
158,,Jordan,Air Jordan One,Black/Black/Black,New,VN,product,standard,1.0,preschool,Triple Black Tumbled Leather (PS),sneakers,2020-03-24,False,False,70.0,Jordan 1 Mid,Air-Jordan-1-Mid-Triple-Black-Tumbled-Leather-PS,640734-091,Jordan 1 Mid Triple Black Tumbled Leather (PS),99.0,,12.0,1,2.0,0.0,61.0,,2.0,1,154.0,67.0,58,108,0.296681,84.0,0.186,107.0,83.0,,2.0,-62,-0.427586,0.427586,8996.0,1676670441,1676653667,2023-02-20T03:47:18Z,31,76,14
159,,Jordan,Air Jordan One,Dynamic Yellow/Black-White,New,CN,product,standard,1.0,child,Dynamic Yellow Floral (GS),sneakers,2020-02-13,True,False,100.0,Jordan 1 Mid,Air-Jordan-1-Mid-Dynamic-Yellow-Floral-GS,AV5174-700,Jordan 1 Mid Dynamic Yellow Floral (GS),95.0,,120.0,1,1.0,5.0,120.0,,41.0,1,202.0,75.0,77,133,0.267362,709.0,0.05,129.0,105.0,,1.0,10,0.105263,0.105263,91149.0,1677409476,1677104614,2023-02-26T04:21:35Z,55,98,40
160,,Jordan,Air Jordan Twelve,White/Dark Grey-Gym Red,New,CN,product,standard,1.0,men,White Dark Grey,sneakers,2019-12-02,False,True,190.0,Jordan 12 Retro,Air-Jordan-12-Retro-White-Dark-Grey,130690-160,Jordan 12 Retro White Dark Grey,240.0,8.5,96.0,1,1.0,3.0,300.0,7.0,89.0,1,392.0,110.0,303,379,0.111579,146.0,0.795,285.0,341.0,10.5,1.0,133,0.639423,0.639423,41546.0,1676878784,1676795765,2023-02-24T16:11:14Z,77,19,23
161,,Jordan,Air Jordan Thirteen,Black/Lilac-White,New,ID,product,standard,1.0,child,Houndstooth (GS),sneakers,2021-10-01,True,False,140.0,Jordan 13 Retro,Air-Jordan-13-Retro-Houndstooth-GS,DN3938-015,Jordan 13 Retro Houndstooth (GS),94.0,,101.0,1,1.0,1.0,75.0,,13.0,1,172.0,60.0,74,114,0.215513,215.0,-0.329,124.0,94.0,,1.0,-9,-0.087379,0.087379,26584.0,1677397374,1676117601,2023-02-24T16:06:17Z,49,7,53
